timestamp,totalmarketcap
1367174820000,1599410000
1367261220000,1669570000
1367347620000,1583200000
1367434020000,1344530000
1367520420000,1221780000
1367606820000,1087750000
1367693220000,1293100000
1367779620000,1389000000
1367866020000,1420880000
1367952420000,1250690000
1368038820000,1353120000
1368125220000,1329690000
1368211620000,1402850000
1368298020000,1367710000
1368384420000,1353680000
1368470820000,1382900000
1368557220000,1399860000
1368643620000,1328050000
1368730020000,1348760000
1368816420000,1443990000
1368902820000,1456080000
1368989220000,1418470000
1369075620000,1436960000
1369162020000,1436950000
1369248420000,1442460000
1369334820000,1473520000
1369421220000,1559050000
1369507620000,1547770000
1369594020000,1588620000
1369680420000,1515010000
1369766820000,1508880000
1369853220000,1535590000
1369939620000,1534490000
1370026020000,1502860000
1370112420000,1504370000
1370198820000,1415380000
1370285220000,1399850000
1370371620000,1417940000
1370458020000,1447070000
1370544420000,1412390000
1370630820000,1315130000
1370717220000,1288330000
1370803620000,1152130000
1370890020000,1234850000
1370976420000,1263990000
1371062820000,1279340000
1371149220000,1288100000
1371235620000,1196790000
1371322020000,1198000000
1371408420000,1176420000
1371494820000,1195400000
1371581220000,1266020000
1371667620000,1267980000
1371754020000,1325250000
1371840420000,1304360000
1371926820000,1293390000
1372013220000,1280070000
1372099620000,1222150000
1372186020000,1229320000
1372272420000,1247360000
1372358820000,1231620000
1372445220000,1153670000
1372531620000,1149520000
1372618020000,1170140000
1372704420000,1077750000
1372790820000,1083100000
1372877220000,1019150000
1372963620000,970480000
1373050020000,810821000
1373136420000,842269000
1373222820000,875506000
1373309220000,949297000
1373395620000,937618000
1373482020000,950755000
1373568420000,1053100000
1373654820000,1149150000
1373741220000,1160910000
1373827620000,1162630000
1373914020000,1193700000
1374000420000,1185110000
1374086820000,1186000000
1374173220000,1094910000
1374259620000,1138800000
1374346020000,1131320000
1374432420000,1090070000
1374518820000,1119780000
1374605220000,1152290000
1374691620000,1168470000
1374778020000,1178920000
1374864420000,1170890000
1374950820000,1155410000
1375037220000,1196270000
1375123620000,1227630000
1375210020000,1241980000
1375296420000,1281300000
1375382820000,1268470000
1375469220000,1284140000
1375555620000,1259520000
1375642020000,1328790000
1375728420000,1343280000
1375814820000,1336530000
1375901220000,1334470000
1375987620000,1275140000
1376074020000,1284280000
1376160420000,1285450000
1376246820000,1306230000
1376333220000,1306020000
1376419620000,1352410000
1376506020000,1421190000
1376592420000,1377120000
1376678820000,1359070000
1376765220000,1413680000
1376851620000,1441480000
1376938020000,1480760000
1377024420000,1523480000
1377110820000,1563440000
1377197220000,1532380000
1377283620000,1486270000
1377370020000,1512340000
1377456420000,1535230000
1377542820000,1523590000
1377629220000,1575610000
1377715620000,1555830000
1377802020000,1550630000
1377888420000,1674300000
1377974820000,1717720000
1378061220000,1729460000
1378147620000,1711300000
1378234020000,1707160000
1378320420000,1630240000
1378406820000,1617260000
1378493220000,1543800000
1378579620000,1572330000
1378666020000,1545860000
1378752420000,1621760000
1378838820000,1597120000
1378925220000,1664090000
1379011620000,1689980000
1379098020000,1715860000
1379184420000,1641900000
1379270820000,1645800000
1379357220000,1668520000
1379443620000,1693280000
1379530020000,1704210000
1379616420000,1674700000
1379702820000,1644050000
1379789220000,1644060000
1379875620000,1653740000
1379962020000,1628150000
1380048420000,1630620000
1380134820000,1662060000
1380221220000,1661800000
1380307620000,1742080000
1380394020000,1758870000
1380480420000,1803630000
1380566820000,1704890000
1380653220000,1704770000
1380739620000,1526820000
1380826020000,1580620000
1380912420000,1661900000
1380998820000,1667730000
1381085220000,1657420000
1381171620000,1651660000
1381258020000,1622170000
1381344420000,1692250000
1381430820000,1677830000
1381517220000,1679760000
1381603620000,1737690000
1381690020000,1740330000
1381776420000,1789370000
1381862820000,1835570000
1381949220000,1870930000
1382035620000,1855130000
1382122020000,1929160000
1382208420000,2144910000
1382294820000,2158360000
1382381220000,2278950000
1382467620000,2407910000
1382554020000,2571340000
1382640420000,2502710000
1382726820000,2195960000
1382813220000,2247720000
1382899620000,2377910000
1382986020000,2480950000
1383072420000,2551390000
1383158820000,2559300000
1383245220000,2547490000
1383331620000,2567740000
1383418020000,2598110000
1383504420000,2670480000
1383590820000,2850270000
1383677220000,3129140000
1383763620000,3268740000
1383850020000,3685780000
1383936420000,4197100000
1384022820000,4591340000
1384109220000,3773210000
1384195620000,4267750000
1384282020000,4456520000
1384368420000,5023660000
1384454820000,5203040000
1384541220000,5380140000
1384627620000,5460510000
1384714020000,5943750000
1384800420000,7706230000
1384886820000,7915040000
1384973220000,7437370000
1385059620000,8631660000
1385146020000,9175160000
1385232420000,10345300000
1385318820000,9991460000
1385405220000,9964550000
1385491620000,11178900000
1385578020000,12311500000
1385664420000,13726500000
1385750820000,14580200000
1385837220000,15254600000
1385923620000,12937200000
1386010020000,13484500000
1386096420000,14677200000
1386182820000,15786400000
1386269220000,14343800000
1386355620000,11903100000
1386442020000,10006100000
1386528420000,9956500000
1386614820000,11912100000
1386701220000,13320100000
1386787620000,12137300000
1386874020000,11803700000
1386960420000,11967300000
1387046820000,11957400000
1387133220000,11804500000
1387219620000,9874850000
1387306020000,9666480000
1387392420000,7722110000
1387478820000,8708090000
1387565220000,8928450000
1387651620000,8266750000
1387738020000,8514920000
1387824420000,8693790000
1387910820000,8880160000
1387997220000,9204640000
1388083620000,10515000000
1388170020000,10024100000
1388256420000,9895540000
1388342820000,10025000000
1388429220000,10618100000
1388515620000,10509800000
1388602020000,10731600000
1388688420000,10852300000
1388774820000,11345600000
1388861220000,11817000000
1388947620000,12860600000
1389034020000,13036100000
1389120420000,12068200000
1389206820000,11569700000
1389293220000,11258800000
1389379620000,11619000000
1389466020000,12390700000
1389552420000,11998400000
1389638820000,11379200000
1389725220000,11473100000
1389811620000,11836600000
1389898020000,11600800000
1389984420000,11101700000
1390070820000,11375700000
1390157220000,11663800000
1390243620000,12054100000
1390330020000,11983800000
1390416420000,11652300000
1390502820000,11426400000
1390589220000,11050800000
1390675620000,11741200000
1390762020000,12263600000
1390848420000,11196900000
1390934820000,11376900000
1391021220000,11406700000
1391107620000,11376500000
1391194020000,11404100000
1391280420000,11644200000
1391366820000,11599100000
1391453220000,11368600000
1391539620000,11525000000
1391626020000,11441400000
1391712420000,11047100000
1391798820000,10340800000
1391885220000,9656360000
1391971620000,9651550000
1392058020000,9120830000
1392144420000,9304250000
1392230820000,9252810000
1392317220000,8798870000
1392403620000,9256470000
1392490020000,9102700000
1392576420000,8476120000
1392662820000,8787080000
1392749220000,8707160000
1392835620000,8738060000
1392922020000,8059700000
1393008420000,7782090000
1393094820000,8255430000
1393181220000,8722210000
1393267620000,7844360000
1393354020000,7286330000
1393440420000,8122390000
1393526820000,8174100000
1393613220000,8217930000
1393699620000,8141500000
1393786020000,8067150000
1393872420000,10016800000
1393958820000,10231300000
1394045220000,9624960000
1394131620000,9368510000
1394218020000,8805530000
1394304420000,8712530000
1394390820000,9158760000
1394477220000,8989570000
1394563620000,8939230000
1394650020000,9172710000
1394736420000,9125290000
1394822820000,9037520000
1394909220000,9101980000
1394995620000,9004400000
1395082020000,8810530000
1395168420000,8729540000
1395254820000,8731440000
1395341220000,8431610000
1395427620000,8262370000
1395514020000,8065670000
1395600420000,8191240000
1395686820000,8179210000
1395773220000,8292050000
1395859620000,8284160000
1395946020000,7271070000
1396032420000,7024210000
1396118820000,7006270000
1396205220000,6526120000
1396291620000,6406660000
1396378020000,6775240000
1396464420000,6172430000
1396550820000,6219980000
1396637220000,6193260000
1396723620000,6322280000
1396810020000,6432450000
1396896420000,6288700000
1396982820000,6299920000
1397069220000,6206840000
1397155620000,5543020000
1397242020000,5981630000
1397328420000,5882370000
1397414820000,5679070000
1397501220000,6447340000
1397587620000,6945170000
1397674020000,7153230000
1397760420000,6942900000
1397846820000,6755630000
1397933220000,7088340000
1398019620000,7016640000
1398106020000,6974770000
1398192420000,6939520000
1398278820000,6851250000
1398365220000,6917770000
1398451620000,6466770000
1398538020000,6467730000
1398624420000,6143130000
1398710820000,6238130000
1398797220000,6268190000
1398883620000,6298030000
1398970020000,6431130000
1399056420000,6255220000
1399142820000,6046500000
1399229220000,6097740000
1399315620000,6062060000
1399402020000,6058770000
1399488420000,6239370000
1399574820000,6196970000
1399661220000,6365460000
1399747620000,6369260000
1399834020000,6162180000
1399920420000,6221610000
1400006820000,6194880000
1400093220000,6288120000
1400179620000,6340350000
1400266020000,6351860000
1400352420000,6342330000
1400438820000,6301770000
1400525220000,6295090000
1400611620000,6840760000
1400698020000,6932780000
1400784420000,7239670000
1400870820000,7419220000
1400957220000,7323140000
1401043620000,8042690000
1401130020000,8095090000
1401216420000,8047050000
1401302820000,7980530000
1401389220000,7912940000
1401475620000,8467040000
1401562020000,8628480000
1401648420000,9023680000
1401734820000,8783230000
1401821220000,9297760000
1401907620000,8948210000
1401994020000,9152110000
1402080420000,9159630000
1402166820000,9097630000
1402253220000,9121210000
1402339620000,9038470000
1402426020000,9137760000
1402512420000,8997820000
1402598820000,8716410000
1402685220000,8279370000
1402771620000,7960330000
1402858020000,8001290000
1402944420000,8392570000
1403030820000,8413830000
1403117220000,8531620000
1403203620000,8510900000
1403290020000,8319910000
1403376420000,8361650000
1403462820000,8419980000
1403549220000,8309870000
1403635620000,8304290000
1403722020000,7977230000
1403808420000,8024980000
1403894820000,8260090000
1403981220000,8374180000
1404067620000,8345950000
1404154020000,8687890000
1404240420000,9120520000
1404326820000,9071510000
1404413220000,8913260000
1404499620000,8815470000
1404586020000,8731080000
1404672420000,8775350000
1404758820000,8642580000
1404845220000,8656160000
1404931620000,8679330000
1405018020000,8583470000
1405104420000,8707550000
1405190820000,8773150000
1405277220000,8720310000
1405363620000,8663340000
1405450020000,8671460000
1405536420000,8594130000
1405622820000,8726980000
1405709220000,8776970000
1405795620000,8777230000
1405882020000,8717040000
1405968420000,8700570000
1406054820000,8718470000
1406141220000,8699430000
1406227620000,8399070000
1406314020000,8400430000
1406400420000,8339370000
1406486820000,8315490000
1406573220000,8179180000
1406659620000,8170320000
1406746020000,8057860000
1406832420000,8220070000
1406918820000,8362570000
1407005220000,8272640000
1407091620000,8249720000
1407178020000,8273270000
1407264420000,8205920000
1407350820000,8197390000
1407437220000,8260440000
1407523620000,8294770000
1407610020000,8241880000
1407696420000,8257750000
1407782820000,8105130000
1407869220000,7939640000
1407955620000,7586830000
1408042020000,7184030000
1408128420000,6875380000
1408214820000,7080170000
1408301220000,6859380000
1408387620000,6358580000
1408474020000,6728940000
1408560420000,7094940000
1408646820000,7364750000
1408733220000,7259880000
1408819620000,6978780000
1408906020000,7188110000
1408992420000,7111120000
1409078820000,7330420000
1409165220000,7352720000
1409251620000,7278260000
1409338020000,7287820000
1409424420000,7223960000
1409510820000,6859260000
1409597220000,6894400000
1409683620000,6904130000
1409770020000,6842470000
1409856420000,7019970000
1409942820000,6979080000
1410029220000,7015770000
1410115620000,6993030000
1410202020000,6901310000
1410288420000,6820410000
1410374820000,7010050000
1410461220000,6905550000
1410547620000,6912550000
1410634020000,6980870000
1410720420000,6966150000
1410806820000,6938240000
1410893220000,6846970000
1410979620000,6652230000
1411066020000,6221880000
1411152420000,5859490000
1411238820000,6016020000
1411325220000,5908310000
1411411620000,5907680000
1411498020000,6253540000
1411584420000,6279930000
1411670820000,6053980000
1411757220000,5973120000
1411843620000,5886180000
1411930020000,5655560000
1412016420000,5634910000
1412102820000,5700540000
1412189220000,5703220000
1412275620000,5582550000
1412362020000,5427450000
1412448420000,5050680000
1412534820000,4511160000
1412621220000,4927730000
1412707620000,4947870000
1412794020000,5145800000
1412880420000,5557100000
1412966820000,5300220000
1413053220000,5351760000
1413139620000,5533900000
1413226020000,5626020000
1413312420000,6028680000
1413398820000,5803330000
1413485220000,5580030000
1413571620000,5687420000
1413658020000,5780300000
1413744420000,5793450000
1413830820000,5685480000
1413917220000,5742330000
1414003620000,5697840000
1414090020000,5423270000
1414176420000,5331380000
1414262820000,5207390000
1414349220000,5261350000
1414435620000,5317720000
1414522020000,5286370000
1414608420000,5075040000
1414694820000,5087990000
1414781220000,5049800000
1414867620000,4861050000
1414954020000,4848650000
1415040420000,4874650000
1415126820000,4918240000
1415213220000,5073990000
1415299620000,5170810000
1415386020000,5089420000
1415472420000,5132910000
1415558820000,5297050000
1415645220000,5526700000
1415731620000,5419580000
1415818020000,6146280000
1415904420000,6074990000
1415990820000,5858290000
1416077220000,5568670000
1416163620000,5693210000
1416250020000,5718770000
1416336420000,5613020000
1416422820000,5635820000
1416509220000,5407440000
1416595620000,5355690000
1416682020000,5406060000
1416768420000,5518690000
1416854820000,5846190000
1416941220000,5786050000
1417027620000,5664110000
1417114020000,5787360000
1417200420000,5925880000
1417286820000,5902230000
1417373220000,5853360000
1417459620000,5849910000
1417546020000,5972840000
1417632420000,5912550000
1417718820000,5832350000
1417805220000,5882690000
1417891620000,5922150000
1417978020000,5936900000
1418064420000,5775220000
1418150820000,5616100000
1418237220000,5574040000
1418323620000,5715550000
1418410020000,5648270000
1418496420000,5610820000
1418582820000,5620390000
1418669220000,5642980000
1418755620000,5678740000
1418842020000,5479050000
1418928420000,5557280000
1419014820000,5457010000
1419101220000,5595390000
1419187620000,5677650000
1419274020000,5840280000
1419360420000,5793330000
1419446820000,5636370000
1419533220000,5544000000
1419619620000,5737360000
1419706020000,5491270000
1419792420000,5554210000
1419878820000,5528730000
1419965220000,5504330000
1420051620000,5544160000
1420138020000,5503440000
1420224420000,5475620000
1420310820000,5177700000
1420397220000,4595590000
1420483620000,4670090000
1420570020000,4808620000
1420656420000,4994840000
1420742820000,4942290000
1420829220000,4911890000
1420915620000,4711070000
1421002020000,4584480000
1421088420000,4625490000
1421174820000,3953380000
1421261220000,3153310000
1421347620000,3787750000
1421434020000,3660860000
1421520420000,3448090000
1421606820000,3608100000
1421693220000,3649080000
1421779620000,3668860000
1421866020000,3715650000
1421952420000,4018620000
1422038820000,3978310000
1422125220000,4207210000
1422211620000,4205620000
1422298020000,4520300000
1422384420000,4426600000
1422470820000,4105870000
1422557220000,3956860000
1422643620000,3846280000
1422730020000,3870980000
1422816420000,3770100000
1422902820000,3782580000
1422989220000,3859060000
1423075620000,3749630000
1423162020000,3668610000
1423248420000,3811380000
1423334820000,3849810000
1423421220000,3778160000
1423507620000,3725180000
1423594020000,3729690000
1423680420000,3755430000
1423766820000,3769540000
1423853220000,4020510000
1423939620000,4150420000
1424026020000,4090350000
1424112420000,3964690000
1424198820000,4061060000
1424285220000,3937660000
1424371620000,4033840000
1424458020000,4046590000
1424544420000,4062900000
1424630820000,3915410000
1424717220000,3961220000
1424803620000,4002400000
1424890020000,3993150000
1424976420000,3978820000
1425062820000,4256040000
1425149220000,4210410000
1425235620000,4105590000
1425322020000,4316970000
1425408420000,4451430000
1425494820000,4514930000
1425581220000,4358020000
1425667620000,4392620000
1425754020000,4461520000
1425840420000,4418690000
1425926820000,4610500000
1426013220000,4716480000
1426099620000,4723690000
1426186020000,4738790000
1426272420000,4630290000
1426358820000,4571220000
1426445220000,4577750000
1426531620000,4687290000
1426618020000,4620170000
1426704420000,4326190000
1426790820000,4210220000
1426877220000,4228020000
1426963620000,4219320000
1427050020000,4238160000
1427136420000,4286970000
1427222820000,4021860000
1427309220000,3964620000
1427395620000,4064730000
1427482020000,4008010000
1427568420000,4070700000
1427654820000,3946380000
1427741220000,3967650000
1427827620000,3919110000
1427914020000,3892220000
1428000420000,4051770000
1428086820000,4089930000
1428173220000,4089960000
1428259620000,4129710000
1428346020000,4114720000
1428432420000,4121700000
1428518820000,3987330000
1428605220000,3957300000
1428691620000,3801350000
1428778020000,3823830000
1428864420000,3819790000
1428950820000,3646940000
1429037220000,3517520000
1429123620000,3562390000
1429210020000,3699750000
1429296420000,3619680000
1429382820000,3598160000
1429469220000,3647520000
1429555620000,3632380000
1429642020000,3630110000
1429728420000,3823050000
1429814820000,3793580000
1429901220000,3732770000
1429987620000,3700320000
1430074020000,3520130000
1430160420000,3594290000
1430246820000,3610710000
1430333220000,3638660000
1430419620000,3790390000
1430506020000,3776880000
1430592420000,3787050000
1430678820000,3880210000
1430765220000,3835460000
1430851620000,3782400000
1430938020000,3785880000
1431024420000,3825490000
1431110820000,3916210000
1431197220000,3862150000
1431283620000,3844430000
1431370020000,3885230000
1431456420000,3877170000
1431542820000,3897230000
1431629220000,3784930000
1431715620000,3808220000
1431802020000,3781430000
1431888420000,3776630000
1431974820000,3768250000
1432061220000,3735600000
1432147620000,3771590000
1432234020000,3795640000
1432320420000,3880140000
1432406820000,3886140000
1432493220000,3917440000
1432579620000,3854710000
1432666020000,3858630000
1432752420000,3865480000
1432838820000,3910670000
1432925220000,3935170000
1433011620000,3847740000
1433098020000,3841290000
1433184420000,3664670000
1433270820000,3720670000
1433357220000,3755390000
1433443620000,3735940000
1433530020000,3726380000
1433616420000,3727330000
1433702820000,3699290000
1433789220000,3778800000
1433875620000,3806560000
1433962020000,3788200000
1434048420000,3798050000
1434134820000,3819940000
1434221220000,3831500000
1434307620000,3883190000
1434394020000,3948490000
1434480420000,4133850000
1434566820000,4257280000
1434653220000,4253290000
1434739620000,4227820000
1434826020000,4206410000
1434912420000,4159950000
1434998820000,4215500000
1435085220000,4190900000
1435171620000,4135440000
1435258020000,4167300000
1435344420000,4157950000
1435430820000,4278480000
1435517220000,4288190000
1435603620000,4422120000
1435690020000,4529870000
1435776420000,4470740000
1435862820000,4421500000
1435949220000,4419110000
1436035620000,4450860000
1436122020000,4598990000
1436208420000,4709180000
1436294820000,4596940000
1436381220000,4658960000
1436467620000,4696920000
1436554020000,4999460000
1436640420000,4949550000
1436726820000,5177530000
1436813220000,4882270000
1436899620000,4931940000
1436986020000,4894510000
1437072420000,4594370000
1437158820000,4653340000
1437245220000,4610420000
1437331620000,4603920000
1437418020000,4638080000
1437504420000,4656120000
1437590820000,4624970000
1437677220000,4617280000
1437763620000,4819530000
1437850020000,4838830000
1437936420000,4905350000
1438022820000,4924550000
1438109220000,4989410000
1438195620000,4923860000
1438282020000,4857800000
1438368420000,4822040000
1438454820000,4729710000
1438541220000,4735980000
1438627620000,4786140000
1438714020000,4811730000
1438800420000,4768990000
1438886820000,4699330000
1438973220000,4862540000
1439059620000,4608320000
1439146020000,4531570000
1439232420000,4533290000
1439318820000,4559200000
1439405220000,4615030000
1439491620000,4593490000
1439578020000,4633680000
1439664420000,4608440000
1439750820000,4469260000
1439837220000,4486060000
1439923620000,4395440000
1440010020000,4056350000
1440096420000,4100120000
1440182820000,4080710000
1440269220000,3947820000
1440355620000,3964040000
1440442020000,3753690000
1440528420000,3834100000
1440614820000,3986490000
1440701220000,3953300000
1440787620000,4031240000
1440874020000,3958040000
1440960420000,3963540000
1441046820000,4033630000
1441133220000,3978300000
1441219620000,3998980000
1441306020000,3935070000
1441392420000,3980280000
1441478820000,4073650000
1441565220000,4171320000
1441651620000,4168600000
1441738020000,4205800000
1441824420000,4167020000
1441910820000,4133200000
1441997220000,4132060000
1442083620000,4079800000
1442170020000,4009710000
1442256420000,3992050000
1442342820000,3986500000
1442429220000,3943670000
1442515620000,3969540000
1442602020000,4024580000
1442688420000,4003770000
1442774820000,4011990000
1442861220000,3948000000
1442947620000,3982650000
1443034020000,3975170000
1443120420000,4031640000
1443206820000,4040330000
1443293220000,4001270000
1443379620000,3993640000
1443466020000,4063240000
1443552420000,4040230000
1443638820000,4020950000
1443725220000,4037320000
1443811620000,4030790000
1443898020000,4054800000
1443984420000,4032780000
1444070820000,4032220000
1444157220000,4144400000
1444243620000,4140180000
1444330020000,4095630000
1444416420000,4110340000
1444502820000,4130030000
1444589220000,4155530000
1444675620000,4153950000
1444762020000,4193780000
1444848420000,4248630000
1444934820000,4267070000
1445021220000,4407610000
1445107620000,4409210000
1445194020000,4381840000
1445280420000,4372120000
1445366820000,4476130000
1445453220000,4423900000
1445539620000,4514540000
1445626020000,4570260000
1445712420000,4610750000
1445798820000,4815900000
1445885220000,4677470000
1445971620000,4847400000
1446058020000,4953880000
1446144420000,5218310000
1446230820000,5472770000
1446317220000,5223900000
1446403620000,5248170000
1446490020000,5632620000
1446576420000,6822240000
1446662820000,7616740000
1446749220000,6549890000
1446835620000,6222940000
1446922020000,6318530000
1447008420000,6248010000
1447094820000,6162210000
1447181220000,5760320000
1447267620000,5101670000
1447354020000,5393760000
1447440420000,5470330000
1447526820000,5444310000
1447613220000,5287290000
1447699620000,5404770000
1447786020000,5496120000
1447872420000,5473690000
1447958820000,5390350000
1448045220000,5265010000
1448131620000,5357900000
1448218020000,5312650000
1448304420000,5322540000
1448390820000,5289400000
1448477220000,5349850000
1448563620000,5718920000
1448650020000,5870980000
1448736420000,5812280000
1448822820000,5945110000
1448909220000,6121400000
1448995620000,5927600000
1449082020000,5860070000
1449168420000,5950980000
1449254820000,5934630000
1449341220000,6209890000
1449427620000,6463460000
1449514020000,6510940000
1449600420000,6506640000
1449686820000,6843240000
1449773220000,6908430000
1449859620000,7282520000
1449946020000,7055920000
1450032420000,7279500000
1450118820000,7383790000
1450205220000,7535540000
1450291620000,7441990000
1450378020000,7452040000
1450464420000,7520640000
1450550820000,7524540000
1450637220000,7234560000
1450723620000,7186650000
1450810020000,7159340000
1450896420000,7247610000
1450982820000,7413750000
1451069220000,7456330000
1451155620000,6834650000
1451242020000,6908120000
1451328420000,6979640000
1451414820000,7091360000
1451501220000,7040440000
1451587620000,7089520000
1451674020000,7128950000
1451760420000,7152490000
1451846820000,7042790000
1451933220000,7130680000
1452019620000,7113820000
1452106020000,7095640000
1452192420000,7473430000
1452278820000,7377030000
1452365220000,7407290000
1452451620000,7338950000
1452538020000,7387390000
1452624420000,7387440000
1452710820000,7104030000
1452797220000,7153870000
1452883620000,6526620000
1452970020000,6210560000
1453056420000,6458870000
1453142820000,6467530000
1453229220000,6376410000
1453315620000,6822560000
1453402020000,6811870000
1453488420000,6446580000
1453574820000,6561530000
1453661220000,6811880000
1453747620000,6650890000
1453834020000,6728950000
1453920420000,6825750000
1454006820000,6608880000
1454093220000,6564920000
1454179620000,6536730000
1454266020000,6500200000
1454352420000,6437790000
1454438820000,6458690000
1454525220000,6422310000
1454611620000,6676440000
1454698020000,6723200000
1454784420000,6550750000
1454870820000,6616890000
1454957220000,6639310000
1455043620000,6654660000
1455130020000,6795060000
1455216420000,6842130000
1455302820000,6979440000
1455389220000,6984840000
1455475620000,7245540000
1455562020000,7265830000
1455648420000,7264190000
1455734820000,7440490000
1455821220000,7448730000
1455907620000,7459540000
1455994020000,7753860000
1456080420000,7706860000
1456166820000,7821910000
1456253220000,7546690000
1456339620000,7675610000
1456426020000,7639200000
1456512420000,7673020000
1456598820000,7840220000
1456685220000,7874180000
1456771620000,7895830000
1456858020000,7927190000
1456944420000,7953450000
1457030820000,7911790000
1457117220000,7906150000
1457203620000,7792160000
1457290020000,7861820000
1457376420000,7877110000
1457462820000,7878160000
1457549220000,7978170000
1457635620000,8101640000
1457722020000,8189880000
1457808420000,8156640000
1457894820000,8541680000
1457981220000,8270610000
1458067620000,8198480000
1458154020000,8207180000
1458240420000,8115500000
1458326820000,7838650000
1458413220000,7897300000
1458499620000,7921880000
1458586020000,8051860000
1458672420000,8100670000
1458758820000,8200520000
1458845220000,8130860000
1458931620000,8092230000
1459018020000,8108080000
1459104420000,8213820000
1459190820000,8265350000
1459277220000,8118950000
1459363620000,8130720000
1459450020000,8132230000
1459536420000,8142500000
1459622820000,8198850000
1459709220000,8211700000
1459795620000,8211830000
1459882020000,8164690000
1459968420000,8191040000
1460054820000,8114800000
1460141220000,8091660000
1460227620000,7951250000
1460314020000,7894580000
1460400420000,7905460000
1460486820000,7856510000
1460573220000,7936720000
1460659620000,7915570000
1460746020000,8028800000
1460832420000,8062100000
1460918820000,8105480000
1461005220000,8093980000
1461091620000,8131800000
1461178020000,8262170000
1461264420000,8387090000
1461350820000,8320460000
1461437220000,8358310000
1461523620000,8427370000
1461610020000,8532120000
1461696420000,8573440000
1461782820000,8426070000
1461869220000,8275590000
1461955620000,8399030000
1462042020000,8450870000
1462128420000,8439380000
1462214820000,8418080000
1462301220000,8495660000
1462387620000,8469320000
1462474020000,8511070000
1462560420000,8635280000
1462646820000,8683410000
1462733220000,8666630000
1462819620000,8706340000
1462906020000,8552010000
1462992420000,8607580000
1463078820000,8589780000
1463165220000,8707550000
1463251620000,8690150000
1463338020000,8708040000
1463424420000,8785820000
1463510820000,8830100000
1463597220000,8945980000
1463683620000,8887070000
1463770020000,8814490000
1463856420000,8807280000
1463942820000,8774350000
1464029220000,8806930000
1464115620000,8735400000
1464202020000,8795330000
1464288420000,8875070000
1464374820000,9139140000
1464461220000,9576780000
1464547620000,10439500000
1464634020000,10442500000
1464720420000,10416100000
1464806820000,10485800000
1464893220000,10498000000
1464979620000,11054000000
1465066020000,11033800000
1465152420000,11144800000
1465238820000,11303100000
1465325220000,11151800000
1465411620000,11243800000
1465498020000,11245400000
1465584420000,11207800000
1465670820000,11317800000
1465757220000,12417700000
1465843620000,13336500000
1465930020000,13369400000
1466016420000,13551900000
1466102820000,14711100000
1466189220000,14255300000
1466275620000,14195300000
1466362020000,14016800000
1466448420000,13750800000
1466534820000,12378900000
1466621220000,12092800000
1466707620000,11942600000
1466794020000,12585300000
1466880420000,12404800000
1466966820000,12093400000
1467053220000,12283000000
1467139620000,12327400000
1467226020000,12216200000
1467312420000,12744000000
1467398820000,12757000000
1467485220000,13091000000
1467571620000,12461900000
1467658020000,12709300000
1467744420000,12590400000
1467830820000,12732700000
1467917220000,11737100000
1468003620000,12322500000
1468090020000,12177100000
1468176420000,12248900000
1468262820000,12268300000
1468349220000,12720100000
1468435620000,12677600000
1468522020000,12878300000
1468608420000,12962600000
1468694820000,12870500000
1468781220000,13133800000
1468867620000,12983800000
1468954020000,13040700000
1469040420000,13069400000
1469126820000,13061000000
1469213220000,13075400000
1469299620000,12949600000
1469386020000,12951100000
1469472420000,12834300000
1469558820000,12833900000
1469645220000,12849000000
1469731620000,12856800000
1469818020000,12816000000
1469904420000,12809100000
1469990820000,12408900000
1470077220000,12042300000
1470163620000,11566200000
1470250020000,11129800000
1470336420000,11249400000
1470422820000,11415000000
1470509220000,11620000000
1470595620000,11600500000
1470682020000,11696700000
1470768420000,11687600000
1470854820000,11820600000
1470941220000,11679600000
1471027620000,11610200000
1471114020000,11635100000
1471200420000,11261100000
1471286820000,11251300000
1471373220000,11505500000
1471459620000,11329600000
1471546020000,11420300000
1471632420000,11422400000
1471718820000,11522900000
1471805220000,11486300000
1471891620000,11618000000
1471978020000,11499800000
1472064420000,11459700000
1472150820000,11376200000
1472237220000,11441200000
1472323620000,11264800000
1472410020000,11318400000
1472496420000,11378000000
1472582820000,11462100000
1472669220000,11430900000
1472755620000,11455900000
1472842020000,11511300000
1472928420000,11514000000
1473014820000,12070200000
1473101220000,12029600000
1473187620000,12089100000
1473274020000,12118700000
1473360420000,12297400000
1473446820000,12253700000
1473533220000,12310600000
1473619620000,12389500000
1473706020000,12041500000
1473792420000,12114300000
1473878820000,12130500000
1473965220000,12134500000
1474051620000,12119600000
1474138020000,12099700000
1474224420000,12173500000
1474310820000,12163300000
1474397220000,12236300000
1474483620000,11999900000
1474570020000,11961700000
1474656420000,12094900000
1474742820000,12080600000
1474829220000,12064600000
1474915620000,12172900000
1475002020000,12177100000
1475088420000,12172700000
1475174820000,12181200000
1475261220000,12200700000
1475347620000,12263000000
1475434020000,12204800000
1475520420000,12259600000
1475606820000,12201400000
1475693220000,12310800000
1475779620000,12268400000
1475866020000,12288600000
1475952420000,12277100000
1476038820000,12268200000
1476125220000,12250400000
1476211620000,12594300000
1476298020000,12566900000
1476384420000,12548900000
1476470820000,12659800000
1476557220000,12581400000
1476643620000,12627100000
1476730020000,12603100000
1476816420000,12641100000
1476902820000,12453300000
1476989220000,12483200000
1477075620000,12570700000
1477162020000,12930900000
1477248420000,12909800000
1477334820000,12894500000
1477421220000,12903200000
1477507620000,13235900000
1477594020000,13286900000
1477680420000,13298900000
1477766820000,13579400000
1477853220000,13571100000
1477939620000,13565400000
1478026020000,13871900000
1478112420000,13848200000
1478198820000,13255400000
1478285220000,13296700000
1478371620000,13522800000
1478458020000,13545100000
1478544420000,13510800000
1478630820000,13623900000
1478717220000,13839400000
1478803620000,13643600000
1478890020000,13672900000
1478976420000,13469300000
1479062820000,13429400000
1479149220000,13411800000
1479235620000,13675100000
1479322020000,14011600000
1479408420000,14093300000
1479494820000,14084900000
1479581220000,14160300000
1479667620000,13631200000
1479754020000,13966000000
1479840420000,14207900000
1479926820000,14011000000
1480013220000,13883100000
1480099620000,13923100000
1480186020000,13851000000
1480272420000,13862700000
1480358820000,13825500000
1480445220000,13772700000
1480531620000,13972800000
1480618020000,14156600000
1480704420000,14373200000
1480790820000,14304500000
1480877220000,14262000000
1480963620000,14013800000
1481050020000,14078200000
1481136420000,14370300000
1481222820000,14413900000
1481309220000,14436100000
1481395620000,14462100000
1481482020000,14334200000
1481568420000,14552700000
1481654820000,14552700000
1481741220000,14518000000
1481827620000,14478500000
1481914020000,14573900000
1482000420000,14669600000
1482086820000,14655500000
1482173220000,14731000000
1482259620000,14768900000
1482346020000,15275000000
1482432420000,15943100000
1482518820000,16508300000
1482605220000,16502400000
1482691620000,16239000000
1482778020000,16646900000
1482864420000,17133700000
1482950820000,17484400000
1483037220000,17674100000
1483123620000,17708400000
1483210020000,17696800000
1483296420000,18300400000
1483382820000,18814600000
1483469220000,19052700000
1483555620000,21157800000
1483642020000,18333000000
1483728420000,16931500000
1483814820000,16842300000
1483901220000,17001400000
1483987620000,16787800000
1484074020000,17089000000
1484160420000,14717500000
1484246820000,15249300000
1484333220000,15580400000
1484419620000,15702500000
1484506020000,15531600000
1484592420000,15751600000
1484678820000,17049500000
1484765220000,16517600000
1484851620000,16999100000
1484938020000,16975500000
1485024420000,17430600000
1485110820000,17339500000
1485197220000,17442100000
1485283620000,17214000000
1485370020000,17053100000
1485456420000,17324700000
1485542820000,17412600000
1485629220000,17443700000
1485715620000,17435100000
1485802020000,17481300000
1485888420000,18146100000
1485974820000,18526400000
1486061220000,18904300000
1486147620000,19354100000
1486234020000,19670800000
1486320420000,19293400000
1486406820000,19567100000
1486493220000,19946100000
1486579620000,20119900000
1486666020000,18482500000
1486752420000,18488900000
1486838820000,19045000000
1486925220000,18903300000
1487011620000,18748000000
1487098020000,19109300000
1487184420000,19193000000
1487270820000,19612300000
1487357220000,19840500000
1487443620000,20008500000
1487530020000,19851400000
1487616420000,20028900000
1487702820000,20740300000
1487789220000,20980700000
1487875620000,21612600000
1487962020000,21949000000
1488048420000,21500700000
1488134820000,21831100000
1488221220000,22184400000
1488307620000,22324800000
1488394020000,22940500000
1488480420000,23996000000
1488566820000,24209300000
1488653220000,23977300000
1488739620000,24200700000
1488826020000,24404100000
1488912420000,23848100000
1488998820000,22803600000
1489085220000,22932200000
1489171620000,23651100000
1489258020000,23102400000
1489344420000,24225100000
1489430820000,24836500000
1489517220000,25203900000
1489603620000,25788700000
1489690020000,26277500000
1489776420000,25302800000
1489862820000,22494800000
1489949220000,23935900000
1490035620000,24184100000
1490122020000,24893500000
1490208420000,23308200000
1490294820000,23849900000
1490381220000,23562600000
1490467620000,23181100000
1490554020000,23628000000
1490640420000,24373400000
1490726820000,24749500000
1490813220000,24759400000
1490899620000,24869400000
1490986020000,25499900000
1491072420000,25922200000
1491158820000,27581200000
1491245220000,27226900000
1491331620000,26926300000
1491418020000,27142600000
1491504420000,27415600000
1491590820000,27521700000
1491677220000,27956100000
1491763620000,27807300000
1491850020000,27778600000
1491936420000,28122800000
1492022820000,28388000000
1492109220000,28393900000
1492195620000,28250100000
1492282020000,28792100000
1492368420000,28865400000
1492454820000,29031800000
1492541220000,29609100000
1492627620000,29512700000
1492714020000,29622500000
1492800420000,29628600000
1492886820000,29740700000
1492973220000,29632400000
1493059620000,30144700000
1493146020000,30947300000
1493232420000,31791000000
1493318820000,32891100000
1493405220000,33899000000
1493491620000,35447900000
1493578020000,36168400000
1493664420000,37908500000
1493750820000,38582000000
1493837220000,39571900000
1493923620000,44673100000
1494010020000,44770300000
1494096420000,45478700000
1494182820000,47804400000
1494269220000,51390400000
1494355620000,52142700000
1494442020000,52035900000
1494528420000,53876600000
1494614820000,53750400000
1494701220000,53515200000
1494787620000,54548200000
1494874020000,54758400000
1494960420000,57986300000
1495046820000,61819800000
1495133220000,63449300000
1495219620000,66660600000
1495306020000,70444800000
1495392420000,73092900000
1495478820000,79809200000
1495565220000,81720800000
1495651620000,85615800000
1495738020000,85530100000
1495824420000,75055100000
1495910820000,68873300000
1495997220000,71022400000
1496083620000,76916000000
1496170020000,78206400000
1496256420000,80976300000
1496342820000,85356200000
1496429220000,88209200000
1496515620000,90286100000
1496602020000,92867100000
1496688420000,95956100000
1496774820000,100334000000
1496861220000,101091000000
1496947620000,99467800000
1497034020000,104122000000
1497120420000,107520000000
1497206820000,112473000000
1497293220000,106655000000
1497379620000,114338000000
1497466020000,111014000000
1497552420000,97206600000
1497638820000,107820000000
1497725220000,112206000000
1497811620000,110963000000
1497898020000,112502000000
1497984420000,114646000000
1498070820000,111759000000
1498157220000,110569000000
1498243620000,114052000000
1498330020000,110122000000
1498416420000,108052000000
1498502820000,92037800000
1498589220000,92504200000
1498675620000,103654000000
1498762020000,104828000000
1498848420000,102683000000
1498934820000,96215700000
1499021220000,97491600000
1499107620000,101161000000
1499194020000,101338000000
1499280420000,101512000000
1499366820000,100524000000
1499453220000,95752700000
1499539620000,94367800000
1499626020000,94698900000
1499712420000,87737300000
1499798820000,81348600000
1499885220000,86294100000
1499971620000,83327400000
1500058020000,78789600000
1500144420000,73714900000
1500230820000,66252400000
1500317220000,74443500000
1500403620000,84436100000
1500490020000,83719600000
1500576420000,90479500000
1500662820000,92526100000
1500749220000,96024900000
1500835620000,95854000000
1500922020000,94905200000
1501008420000,87057900000
1501094820000,86214200000
1501181220000,88131600000
1501267620000,89781700000
1501354020000,88334300000
1501440420000,89443800000
1501526820000,90968900000
1501613220000,93329200000
1501699620000,100087000000
1501786020000,101141000000
1501872420000,101623000000
1501958820000,112133000000
1502045220000,113045000000
1502131620000,117114000000
1502218020000,121133000000
1502304420000,120875000000
1502390820000,123984000000
1502477220000,127726000000
1502563620000,135103000000
1502650020000,135593000000
1502736420000,139504000000
1502822820000,136318000000
1502909220000,140259000000
1502995620000,141533000000
1503082020000,142739000000
1503168420000,144141000000
1503254820000,145063000000
1503341220000,144470000000
1503427620000,147880000000
1503514020000,152501000000
1503600420000,151655000000
1503686820000,156544000000
1503773220000,155258000000
1503859620000,157754000000
1503946020000,159483000000
1504032420000,164887000000
1504118820000,166420000000
1504205220000,172307000000
1504291620000,176921000000
1504378020000,163986000000
1504464420000,162272000000
1504550820000,144361000000
1504637220000,151909000000
1504723620000,162980000000
1504810020000,163097000000
1504896420000,148685000000
1504982820000,144363000000
1505069220000,146059000000
1505155620000,145871000000
1505242020000,142677000000
1505328420000,136827000000
1505414820000,114723000000
1505501220000,120387000000
1505587620000,124627000000
1505674020000,124496000000
1505760420000,138008000000
1505846820000,137917000000
1505933220000,137489000000
1506019620000,126645000000
1506106020000,122906000000
1506192420000,130363000000
1506278820000,128782000000
1506365220000,135903000000
1506451620000,136394000000
1506538020000,144014000000
1506624420000,144081000000
1506710820000,142450000000
1506797220000,147653000000
1506883620000,146687000000
1506970020000,148083000000
1507056420000,145193000000
1507142820000,142345000000
1507229220000,146317000000
1507315620000,147453000000
1507402020000,148000000000
1507488420000,151710000000
1507574820000,150844000000
1507661220000,155284000000
1507747620000,155363000000
1507834020000,163186000000
1507920420000,173138000000
1508006820000,174893000000
1508093220000,169301000000
1508179620000,174264000000
1508266020000,171799000000
1508352420000,163964000000
1508438820000,169376000000
1508525220000,173934000000
1508611620000,172648000000
1508698020000,171448000000
1508784420000,166362000000
1508870820000,170466000000
1508957220000,165628000000
1509043620000,170714000000
1509130020000,168276000000
1509216420000,169061000000
1509302820000,175649000000
1509389220000,177891000000
1509475620000,182076000000
1509562020000,184439000000
1509648420000,189786000000
1509734820000,199558000000
1509821220000,198792000000
1509907620000,200891000000
1509994020000,195368000000
1510080420000,196217000000
1510166820000,202886000000
1510253220000,207793000000
1510339620000,194057000000
1510426020000,198675000000
1510512420000,196702000000
1510598820000,201643000000
1510685220000,207562000000
1510771620000,218531000000
1510858020000,225211000000
1510944420000,229034000000
1511030820000,232183000000
1511117220000,236489000000
1511203620000,242959000000
1511290020000,244635000000
1511376420000,244788000000
1511462820000,256227000000
1511549220000,263536000000
1511635620000,273882000000
1511722020000,293390000000
1511808420000,300173000000
1511894820000,311789000000
1511981220000,323958000000
1512067620000,290078000000
1512154020000,319091000000
1512240420000,329692000000
1512326820000,350040000000
1512413220000,339256000000
1512499620000,356054000000
1512586020000,375989000000
1512672420000,426798000000
1512758820000,422940000000
1512845220000,405471000000
1512931620000,412434000000
1513018020000,447828000000
1513104420000,490715000000
1513190820000,476303000000
1513277220000,516146000000
1513363620000,537736000000
1513450020000,563952000000
1513536420000,588072000000
1513622820000,598960000000
1513709220000,630369000000
1513795620000,628144000000
1513882020000,596880000000
1513968420000,507310000000
1514054820000,585517000000
1514141220000,506609000000
1514227620000,556941000000
1514314020000,591603000000
1514400420000,589367000000
1514486820000,553055000000
1514573220000,604809000000
1514659620000,566261000000
1514746020000,610112000000
1514832420000,598529000000
1514918820000,665177000000
1515005220000,719881000000
1515091620000,768693000000
1515178020000,768051000000
1515264420000,795832000000
1515350820000,813871000000
1515437220000,741620000000
1515523620000,749422000000
1515610020000,728024000000
1515696420000,702805000000
1515782820000,698650000000
1515869220000,749729000000
1515955620000,699172000000
1516042020000,707895000000
1516128420000,539648000000
1516214820000,453814000000
1516301220000,582523000000
1516387620000,557363000000
1516474020000,636917000000
1516560420000,553078000000
1516646820000,517411000000
1516733220000,543328000000
1516819620000,542039000000
1516906020000,550382000000
1516992420000,540757000000
1517078820000,560917000000
1517165220000,589094000000
1517251620000,572028000000
1517338020000,502226000000
1517424420000,507377000000
1517510820000,454752000000
1517597220000,414168000000
1517683620000,449190000000
1517770020000,403420000000
1517856420000,332993000000
1517942820000,340319000000
1518029220000,391949000000
1518115620000,386355000000
1518202020000,419756000000
1518288420000,411253000000
1518374820000,406534000000
1518461220000,423629000000
1518547620000,419773000000
1518634020000,452029000000
1518720420000,477534000000
1518806820000,476846000000
1518893220000,505725000000
1518979620000,495144000000
1519066020000,500661000000
1519152420000,510039000000
1519238820000,463162000000
1519325220000,431355000000
1519411620000,449013000000
1519498020000,428113000000
1519584420000,421530000000
1519670820000,448216000000
1519757220000,457500000000
1519843620000,448144000000
1519930020000,459285000000
1520016420000,453145000000
1520102820000,464285000000
1520189220000,463897000000
1520275620000,471972000000
1520362020000,442347000000
1520448420000,398950000000
1520534820000,384115000000
1520621220000,367283000000
1520707620000,374294000000
1520794020000,390880000000
1520880420000,374758000000
1520966820000,369547000000
1521053220000,335743000000
1521139620000,323467000000
1521226020000,338961000000
1521312420000,312291000000
1521398820000,287223000000
1521485220000,322774000000
1521571620000,343093000000
1521658020000,345775000000
1521744420000,333709000000
1521830820000,330971000000
1521917220000,341381000000
1522003620000,333049000000
1522090020000,301573000000
1522176420000,299823000000
1522262820000,300350000000
1522349220000,278462000000
1522435620000,254848000000
1522522020000,268063000000
1522608420000,254022000000
1522694820000,262155000000
1522727220000,268123000000
