timestamp,volume
1367174820000,0
1367261220000,0
1367347620000,0
1367434020000,0
1367520420000,0
1367606820000,0
1367693220000,0
1367779620000,0
1367866020000,0
1367952420000,0
1368038820000,0
1368125220000,0
1368211620000,0
1368298020000,0
1368384420000,0
1368470820000,0
1368557220000,0
1368643620000,0
1368730020000,0
1368816420000,0
1368902820000,0
1368989220000,0
1369075620000,0
1369162020000,0
1369248420000,0
1369334820000,0
1369421220000,0
1369507620000,0
1369594020000,0
1369680420000,0
1369766820000,0
1369853220000,0
1369939620000,0
1370026020000,0
1370112420000,0
1370198820000,0
1370285220000,0
1370371620000,0
1370458020000,0
1370544420000,0
1370630820000,0
1370717220000,0
1370803620000,0
1370890020000,0
1370976420000,0
1371062820000,0
1371149220000,0
1371235620000,0
1371322020000,0
1371408420000,0
1371494820000,0
1371581220000,0
1371667620000,0
1371754020000,0
1371840420000,0
1371926820000,0
1372013220000,0
1372099620000,0
1372186020000,0
1372272420000,0
1372358820000,0
1372445220000,0
1372531620000,0
1372618020000,0
1372704420000,0
1372790820000,0
1372877220000,0
1372963620000,0
1373050020000,0
1373136420000,0
1373222820000,0
1373309220000,0
1373395620000,0
1373482020000,0
1373568420000,0
1373654820000,0
1373741220000,0
1373827620000,0
1373914020000,0
1374000420000,0
1374086820000,0
1374173220000,0
1374259620000,0
1374346020000,0
1374432420000,0
1374518820000,0
1374605220000,0
1374691620000,0
1374778020000,0
1374864420000,0
1374950820000,0
1375037220000,0
1375123620000,0
1375210020000,0
1375296420000,0
1375382820000,0
1375469220000,0
1375555620000,0
1375642020000,0
1375728420000,0
1375814820000,0
1375901220000,0
1375987620000,0
1376074020000,0
1376160420000,0
1376246820000,0
1376333220000,0
1376419620000,0
1376506020000,0
1376592420000,0
1376678820000,0
1376765220000,0
1376851620000,0
1376938020000,0
1377024420000,0
1377110820000,0
1377197220000,0
1377283620000,0
1377370020000,0
1377456420000,0
1377542820000,0
1377629220000,0
1377715620000,0
1377802020000,0
1377888420000,0
1377974820000,0
1378061220000,0
1378147620000,0
1378234020000,0
1378320420000,0
1378406820000,0
1378493220000,0
1378579620000,0
1378666020000,0
1378752420000,0
1378838820000,0
1378925220000,0
1379011620000,0
1379098020000,0
1379184420000,0
1379270820000,0
1379357220000,0
1379443620000,0
1379530020000,0
1379616420000,0
1379702820000,0
1379789220000,0
1379875620000,0
1379962020000,0
1380048420000,0
1380134820000,0
1380221220000,0
1380307620000,0
1380394020000,0
1380480420000,0
1380566820000,0
1380653220000,0
1380739620000,0
1380826020000,0
1380912420000,0
1380998820000,0
1381085220000,0
1381171620000,0
1381258020000,0
1381344420000,0
1381430820000,0
1381517220000,0
1381603620000,0
1381690020000,0
1381776420000,0
1381862820000,0
1381949220000,0
1382035620000,0
1382122020000,0
1382208420000,0
1382294820000,0
1382381220000,0
1382467620000,0
1382554020000,0
1382640420000,0
1382726820000,0
1382813220000,0
1382899620000,0
1382986020000,0
1383072420000,0
1383158820000,0
1383245220000,0
1383331620000,0
1383418020000,0
1383504420000,0
1383590820000,0
1383677220000,0
1383763620000,0
1383850020000,0
1383936420000,0
1384022820000,0
1384109220000,0
1384195620000,0
1384282020000,0
1384368420000,0
1384454820000,0
1384541220000,0
1384627620000,0
1384714020000,0
1384800420000,0
1384886820000,0
1384973220000,0
1385059620000,0
1385146020000,0
1385232420000,0
1385318820000,0
1385405220000,0
1385491620000,0
1385578020000,0
1385664420000,0
1385750820000,0
1385837220000,0
1385923620000,0
1386010020000,0
1386096420000,0
1386182820000,0
1386269220000,0
1386355620000,0
1386442020000,0
1386528420000,0
1386614820000,0
1386701220000,0
1386787620000,0
1386874020000,0
1386960420000,0
1387046820000,0
1387133220000,0
1387219620000,0
1387306020000,0
1387392420000,0
1387478820000,0
1387565220000,0
1387651620000,0
1387738020000,0
1387824420000,0
1387910820000,0
1387997220000,0
1388083620000,0
1388170020000,96656700
1388256420000,54476100
1388342820000,24996400
1388429220000,47318000
1388515620000,34155600
1388602020000,37893700
1388688420000,60244500
1388774820000,109869000
1388861220000,69418600
1388947620000,98852300
1389034020000,168589000
1389120420000,108873000
1389206820000,175472000
1389293220000,66426700
1389379620000,57779000
1389466020000,85785500
1389552420000,66808400
1389638820000,57972500
1389725220000,41188200
1389811620000,44874400
1389898020000,28018900
1389984420000,46301800
1390070820000,40912500
1390157220000,35557500
1390243620000,46564400
1390330020000,44857500
1390416420000,41842200
1390502820000,36099400
1390589220000,70978100
1390675620000,45391000
1390762020000,60498400
1390848420000,57907200
1390934820000,89697300
1391021220000,32186800
1391107620000,44026100
1391194020000,27363300
1391280420000,33334000
1391366820000,18780800
1391453220000,23648300
1391539620000,30878500
1391626020000,27658700
1391712420000,69721400
1391798820000,144755000
1391885220000,47755400
1391971620000,57723600
1392058020000,144815000
1392144420000,77412800
1392230820000,78354800
1392317220000,42486200
1392403620000,166486000
1392490020000,52556900
1392576420000,43007400
1392662820000,64141900
1392749220000,33319100
1392835620000,23427000
1392922020000,68113600
1393008420000,70433600
1393094820000,44195700
1393181220000,46499300
1393267620000,70791300
1393354020000,161425000
1393440420000,88537500
1393526820000,47120900
1393613220000,36865800
1393699620000,36644800
1393786020000,14609900
1393872420000,117051000
1393958820000,130525000
1394045220000,48917900
1394131620000,31320200
1394218020000,41510100
1394304420000,32112400
1394390820000,27788800
1394477220000,25309500
1394563620000,23130400
1394650020000,40548600
1394736420000,22497400
1394822820000,18811700
1394909220000,13493300
1394995620000,14426500
1395082020000,24314200
1395168420000,47875800
1395254820000,63659100
1395341220000,40340200
1395427620000,66023800
1395514020000,27218100
1395600420000,17376900
1395686820000,29598200
1395773220000,30396800
1395859620000,30880400
1395946020000,79712600
1396032420000,93219900
1396118820000,23587100
1396205220000,53321300
1396291620000,51988300
1396378020000,45797500
1396464420000,62018500
1396550820000,63446000
1396637220000,34819400
1396723620000,16649900
1396810020000,18689000
1396896420000,20491500
1396982820000,18309900
1397069220000,18293000
1397155620000,56509500
1397242020000,104889000
1397328420000,34404600
1397414820000,28277300
1397501220000,72643000
1397587620000,79688800
1397674020000,92379100
1397760420000,63738300
1397846820000,36533500
1397933220000,33450300
1398019620000,27067600
1398106020000,24710800
1398192420000,19951300
1398278820000,17772900
1398365220000,20332500
1398451620000,69065300
1398538020000,24836000
1398624420000,16984300
1398710820000,30918400
1398797220000,23893300
1398883620000,31153900
1398970020000,21356900
1399056420000,16380300
1399142820000,14578400
1399229220000,11178900
1399315620000,13880000
1399402020000,19717600
1399488420000,25151200
1399574820000,18293500
1399661220000,18090500
1399747620000,13986700
1399834020000,19379300
1399920420000,14411300
1400006820000,13759600
1400093220000,14749000
1400179620000,18785400
1400266020000,15575700
1400352420000,9112690
1400438820000,8388960
1400525220000,11336200
1400611620000,46089400
1400698020000,28206300
1400784420000,44313500
1400870820000,62561700
1400957220000,25724500
1401043620000,62929000
1401130020000,44348300
1401216420000,55844200
1401302820000,36117400
1401389220000,35180900
1401475620000,48893500
1401562020000,32387100
1401648420000,51337300
1401734820000,60418600
1401821220000,72703100
1401907620000,62291600
1401994020000,44559600
1402080420000,28714500
1402166820000,27008000
1402253220000,18011400
1402339620000,28145900
1402426020000,29280600
1402512420000,30415100
1402598820000,32958700
1402685220000,75004700
1402771620000,42411600
1402858020000,26692300
1402944420000,41048000
1403030820000,21079800
1403117220000,33428900
1403203620000,24688900
1403290020000,33795400
1403376420000,19628100
1403462820000,16864100
1403549220000,20925300
1403635620000,16908500
1403722020000,30199700
1403808420000,21869600
1403894820000,23220600
1403981220000,25875800
1404067620000,13735500
1404154020000,45866000
1404240420000,52945100
1404326820000,47932800
1404413220000,28865600
1404499620000,28477000
1404586020000,22456800
1404672420000,16088400
1404758820000,25377700
1404845220000,18711900
1404931620000,16526500
1405018020000,23377900
1405104420000,21787200
1405190820000,21819700
1405277220000,23429800
1405363620000,18779800
1405450020000,15884700
1405536420000,19115400
1405622820000,24062000
1405709220000,20888000
1405795620000,14842300
1405882020000,10440300
1405968420000,13751800
1406054820000,14857100
1406141220000,14255900
1406227620000,25367800
1406314020000,20972100
1406400420000,15290100
1406486820000,12116900
1406573220000,22941800
1406659620000,16753600
1406746020000,16873900
1406832420000,30590900
1406918820000,25198000
1407005220000,13248300
1407091620000,11219200
1407178020000,13612600
1407264420000,15023800
1407350820000,13533000
1407437220000,16647100
1407523620000,17200600
1407610020000,14366400
1407696420000,10105400
1407782820000,18577800
1407869220000,29294100
1407955620000,34563500
1408042020000,43271100
1408128420000,29947700
1408214820000,25337700
1408301220000,27933200
1408387620000,60371100
1408474020000,49422500
1408560420000,53162800
1408646820000,73557000
1408733220000,52243400
1408819620000,31466700
1408906020000,31988100
1408992420000,29420900
1409078820000,37069900
1409165220000,33498400
1409251620000,27782900
1409338020000,25659100
1409424420000,17720300
1409510820000,52316400
1409597220000,25294600
1409683620000,27675300
1409770020000,19658800
1409856420000,32387000
1409942820000,21673900
1410029220000,17262000
1410115620000,14071600
1410202020000,35508700
1410288420000,25383900
1410374820000,34006800
1410461220000,25915300
1410547620000,22096000
1410634020000,23289600
1410720420000,24123900
1410806820000,28156800
1410893220000,23444400
1410979620000,29923700
1411066020000,41872700
1411152420000,53814000
1411238820000,44895100
1411325220000,37754100
1411411620000,27861400
1411498020000,41571600
1411584420000,53742400
1411670820000,36136700
1411757220000,30969600
1411843620000,22187500
1411930020000,25409000
1412016420000,36284200
1412102820000,33446200
1412189220000,40790700
1412275620000,20937400
1412362020000,31045400
1412448420000,54414800
1412534820000,76524700
1412621220000,110402000
1412707620000,65287000
1412794020000,60057900
1412880420000,88135600
1412966820000,69204300
1413053220000,19622600
1413139620000,16649200
1413226020000,34432400
1413312420000,59471400
1413398820000,36970500
1413485220000,28223000
1413571620000,27280800
1413658020000,16737800
1413744420000,10485700
1413830820000,20917600
1413917220000,18876100
1414003620000,17885800
1414090020000,28937100
1414176420000,25410000
1414262820000,22576900
1414349220000,15624700
1414435620000,15927800
1414522020000,13364400
1414608420000,20740600
1414694820000,22650900
1414781220000,31713500
1414867620000,19014900
1414954020000,14816500
1415040420000,15606300
1415126820000,19591800
1415213220000,24554300
1415299620000,21155500
1415386020000,25145300
1415472420000,11873200
1415558820000,23814500
1415645220000,36422600
1415731620000,24519600
1415818020000,46217000
1415904420000,63744300
1415990820000,51414400
1416077220000,21337600
1416163620000,17054200
1416250020000,43633600
1416336420000,41170700
1416422820000,26444100
1416509220000,30491200
1416595620000,36057300
1416682020000,22196700
1416768420000,16455400
1416854820000,37395900
1416941220000,39624900
1417027620000,25590800
1417114020000,19888600
1417200420000,25761900
1417286820000,25487900
1417373220000,14895100
1417459620000,17832700
1417546020000,17234600
1417632420000,18486000
1417718820000,20450800
1417805220000,18545200
1417891620000,15399700
1417978020000,9947180
1418064420000,21829600
1418150820000,41558500
1418237220000,19945100
1418323620000,35221700
1418410020000,27359400
1418496420000,18972200
1418582820000,11432800
1418669220000,24235800
1418755620000,42581700
1418842020000,50687900
1418928420000,52304300
1419014820000,39690200
1419101220000,31917700
1419187620000,22764900
1419274020000,31002000
1419360420000,23657700
1419446820000,21015600
1419533220000,18502100
1419619620000,18667600
1419706020000,22759000
1419792420000,18096100
1419878820000,17071500
1419965220000,18217800
1420051620000,17531000
1420138020000,14877300
1420224420000,11599500
1420310820000,31509000
1420397220000,74943000
1420483620000,57459200
1420570020000,28221400
1420656420000,32120800
1420742820000,32949700
1420829220000,23358300
1420915620000,28021200
1421002020000,20304100
1421088420000,25184500
1421174820000,69881800
1421261220000,107622000
1421347620000,100696000
1421434020000,57008600
1421520420000,29325400
1421606820000,32900600
1421693220000,21605900
1421779620000,29130400
1421866020000,20148800
1421952420000,50522300
1422038820000,27558900
1422125220000,29277100
1422211620000,43380800
1422298020000,117671000
1422384420000,59756200
1422470820000,33010200
1422557220000,53697300
1422643620000,32817500
1422730020000,22009800
1422816420000,33885600
1422902820000,33886200
1422989220000,45565100
1423075620000,36910700
1423162020000,31447000
1423248420000,30110800
1423334820000,25040500
1423421220000,21211700
1423507620000,27100600
1423594020000,27373400
1423680420000,22031500
1423766820000,18290200
1423853220000,45586400
1423939620000,42208300
1424026020000,63381400
1424112420000,44771300
1424198820000,29929300
1424285220000,27416200
1424371620000,21268400
1424458020000,29854200
1424544420000,15972600
1424630820000,20047700
1424717220000,16087800
1424803620000,20068000
1424890020000,14291400
1424976420000,16566500
1425062820000,45192800
1425149220000,18664700
1425235620000,18230800
1425322020000,39590800
1425408420000,55858100
1425494820000,47352800
1425581220000,49888200
1425667620000,38675400
1425754020000,20724000
1425840420000,21712600
1425926820000,51812800
1426013220000,84876700
1426099620000,42939700
1426186020000,36900200
1426272420000,32848000
1426358820000,28003800
1426445220000,16011000
1426531620000,25051600
1426618020000,22269800
1426704420000,49694300
1426790820000,63666500
1426877220000,34931500
1426963620000,21127600
1427050020000,12744600
1427136420000,27865100
1427222820000,44876500
1427309220000,44610000
1427395620000,26267100
1427482020000,24549600
1427568420000,17968500
1427654820000,21538000
1427741220000,25631500
1427827620000,27706800
1427914020000,23929100
1428000420000,30249900
1428086820000,29011900
1428173220000,15407500
1428259620000,17079900
1428346020000,24899500
1428432420000,22677300
1428518820000,32685200
1428605220000,25421800
1428691620000,32167600
1428778020000,20474800
1428864420000,15126300
1428950820000,22372300
1429037220000,41876100
1429123620000,26436400
1429210020000,27776000
1429296420000,23597600
1429382820000,15133300
1429469220000,15658900
1429555620000,21188100
1429642020000,17871900
1429728420000,34827700
1429814820000,21168200
1429901220000,24277600
1429987620000,16042200
1430074020000,29336900
1430160420000,30097100
1430246820000,35626600
1430333220000,21331900
1430419620000,32449300
1430506020000,26533800
1430592420000,16364800
1430678820000,19722400
1430765220000,23262000
1430851620000,25817600
1430938020000,19535500
1431024420000,42633000
1431110820000,33293400
1431197220000,24067700
1431283620000,17732400
1431370020000,21088100
1431456420000,23712300
1431542820000,20461100
1431629220000,33451100
1431715620000,21068400
1431802020000,13787800
1431888420000,12556400
1431974820000,16540400
1432061220000,21746100
1432147620000,18556100
1432234020000,22468500
1432320420000,35444800
1432406820000,25496100
1432493220000,19964300
1432579620000,22020100
1432666020000,24055700
1432752420000,28491500
1432838820000,25093000
1432925220000,26062900
1433011620000,23005000
1433098020000,19735500
1433184420000,32549200
1433270820000,31044800
1433357220000,23619400
1433443620000,20106300
1433530020000,25449200
1433616420000,17281200
1433702820000,18784000
1433789220000,27367600
1433875620000,34327600
1433962020000,23360200
1434048420000,21699000
1434134820000,19232400
1434221220000,18933700
1434307620000,23372100
1434394020000,24971700
1434480420000,53250300
1434566820000,70395700
1434653220000,48098500
1434739620000,37331500
1434826020000,33505900
1434912420000,30914300
1434998820000,37976000
1435085220000,22972000
1435171620000,27011600
1435258020000,25336300
1435344420000,19456100
1435430820000,25741900
1435517220000,26622500
1435603620000,46927800
1435690020000,70184500
1435776420000,41463400
1435862820000,34329500
1435949220000,27353300
1436035620000,21778400
1436122020000,44315500
1436208420000,89608600
1436294820000,54972300
1436381220000,63837300
1436467620000,85056900
1436554020000,167595000
1436640420000,93274700
1436726820000,81107000
1436813220000,80345100
1436899620000,43292600
1436986020000,35932500
1437072420000,70632100
1437158820000,44717200
1437245220000,38973000
1437331620000,20852100
1437418020000,29588200
1437504420000,29868900
1437590820000,26500300
1437677220000,23551400
1437763620000,46971200
1437850020000,42545300
1437936420000,26682400
1438022820000,30409600
1438109220000,45688000
1438195620000,34511400
1438282020000,30402000
1438368420000,30187400
1438454820000,28628900
1438541220000,25508300
1438627620000,28938000
1438714020000,28043700
1438800420000,24252300
1438886820000,25801000
1438973220000,56059200
1439059620000,73852400
1439146020000,63417200
1439232420000,26448200
1439318820000,27194700
1439405220000,37180200
1439491620000,34087900
1439578020000,39456400
1439664420000,23569100
1439750820000,38959200
1439837220000,28813900
1439923620000,29593500
1440010020000,89533700
1440096420000,48228800
1440182820000,31220300
1440269220000,24981900
1440355620000,28505400
1440442020000,61046900
1440528420000,79475100
1440614820000,47839900
1440701220000,28199000
1440787620000,39117100
1440874020000,23717100
1440960420000,24938500
1441046820000,26533000
1441133220000,25344600
1441219620000,23846000
1441306020000,22851400
1441392420000,24272500
1441478820000,24300500
1441565220000,33174300
1441651620000,26847900
1441738020000,32147100
1441824420000,30235900
1441910820000,26465800
1441997220000,24907000
1442083620000,21539900
1442170020000,20804900
1442256420000,26230200
1442342820000,24145100
1442429220000,24404900
1442515620000,24742200
1442602020000,25527000
1442688420000,17878500
1442774820000,17430900
1442861220000,23705500
1442947620000,30124000
1443034020000,21793200
1443120420000,27887800
1443206820000,29341600
1443293220000,16177000
1443379620000,14075300
1443466020000,30127600
1443552420000,31211700
1443638820000,25919900
1443725220000,23457400
1443811620000,22905000
1443898020000,19402400
1443984420000,15239300
1444070820000,22305500
1444157220000,31635400
1444243620000,25163800
1444330020000,23404100
1444416420000,22366200
1444502820000,20161400
1444589220000,16321000
1444675620000,23403600
1444762020000,31526900
1444848420000,31536100
1444934820000,31256100
1445021220000,36276200
1445107620000,47260900
1445194020000,29533600
1445280420000,27915800
1445366820000,32468700
1445453220000,31923600
1445539620000,37897500
1445626020000,35744400
1445712420000,27103500
1445798820000,44187100
1445885220000,41705400
1445971620000,49219700
1446058020000,53668000
1446144420000,77904300
1446230820000,101567000
1446317220000,55132800
1446403620000,40581600
1446490020000,71339100
1446576420000,231343000
1446662820000,314232000
1446749220000,228845000
1446835620000,144867000
1446922020000,79418900
1447008420000,49584900
1447094820000,82993900
1447181220000,79497300
1447267620000,133495000
1447354020000,86330400
1447440420000,58840400
1447526820000,40322300
1447613220000,45364600
1447699620000,52654400
1447786020000,59188200
1447872420000,45794800
1447958820000,50412200
1448045220000,57500900
1448131620000,33277900
1448218020000,24957100
1448304420000,28679200
1448390820000,32560700
1448477220000,41327800
1448563620000,113268000
1448650020000,68440200
1448736420000,41986700
1448822820000,35815000
1448909220000,79067100
1448995620000,70595900
1449082020000,58005500
1449168420000,55640900
1449254820000,40207700
1449341220000,58336300
1449427620000,90312400
1449514020000,71937500
1449600420000,52083400
1449686820000,114157000
1449773220000,62642000
1449859620000,94483800
1449946020000,160373000
1450032420000,60180800
1450118820000,139054000
1450205220000,93204600
1450291620000,112497000
1450378020000,60979700
1450464420000,60709100
1450550820000,54859200
1450637220000,71564800
1450723620000,88209000
1450810020000,56589000
1450896420000,52638900
1450982820000,63103400
1451069220000,46223000
1451155620000,108744000
1451242020000,65947500
1451328420000,50102400
1451414820000,55962500
1451501220000,55058000
1451587620000,51562700
1451674020000,40045900
1451760420000,35522400
1451846820000,38186500
1451933220000,45036200
1452019620000,42115200
1452106020000,37215100
1452192420000,86362500
1452278820000,71848300
1452365220000,43659500
1452451620000,40672900
1452538020000,48776000
1452624420000,83505700
1452710820000,195008000
1452797220000,52022300
1452883620000,143061000
1452970020000,138432000
1453056420000,69731900
1453142820000,64392500
1453229220000,52720700
1453315620000,109462000
1453402020000,102339000
1453488420000,101237000
1453574820000,90977600
1453661220000,73837800
1453747620000,86995600
1453834020000,110159000
1453920420000,102133000
1454006820000,94260400
1454093220000,103190000
1454179620000,53610300
1454266020000,50656800
1454352420000,70675900
1454438820000,54631800
1454525220000,54507400
1454611620000,71266200
1454698020000,62607600
1454784420000,62573700
1454870820000,44616000
1454957220000,59592500
1455043620000,73479200
1455130020000,115823000
1455216420000,97034400
1455302820000,121005000
1455389220000,91562100
1455475620000,89693700
1455562020000,96994700
1455648420000,95084400
1455734820000,104859000
1455821220000,112343000
1455907620000,74438500
1455994020000,93191700
1456080420000,112821000
1456166820000,101808000
1456253220000,108582000
1456339620000,86632500
1456426020000,96863700
1456512420000,73730300
1456598820000,64099500
1456685220000,74915600
1456771620000,75137000
1456858020000,92040500
1456944420000,104073000
1457030820000,151527000
1457117220000,116672000
1457203620000,201448000
1457290020000,172000000
1457376420000,128321000
1457462820000,121081000
1457549220000,102064000
1457635620000,139615000
1457722020000,120411000
1457808420000,152430000
1457894820000,102144000
1457981220000,165783000
1458067620000,134125000
1458154020000,99513800
1458240420000,140899000
1458326820000,157508000
1458413220000,105298000
1458499620000,71102400
1458586020000,91712100
1458672420000,101277000
1458758820000,86313600
1458845220000,103897000
1458931620000,78360100
1459018020000,59937500
1459104420000,87918800
1459190820000,106348000
1459277220000,102006000
1459363620000,92587800
1459450020000,81792800
1459536420000,77695700
1459622820000,62390300
1459709220000,47600400
1459795620000,63378100
1459882020000,78495800
1459968420000,90781600
1460054820000,75593700
1460141220000,79181400
1460227620000,76908200
1460314020000,121976000
1460400420000,74776000
1460486820000,92389200
1460573220000,120424000
1460659620000,69731100
1460746020000,71058900
1460832420000,52051300
1460918820000,79966000
1461005220000,82776400
1461091620000,56039800
1461178020000,97997500
1461264420000,82439100
1461350820000,88740600
1461437220000,59856900
1461523620000,78085600
1461610020000,104988000
1461696420000,130910000
1461782820000,117233000
1461869220000,108491000
1461955620000,62253200
1462042020000,105882000
1462128420000,69395000
1462214820000,126827000
1462301220000,93136300
1462387620000,75832200
1462474020000,76415900
1462560420000,78044100
1462646820000,85623100
1462733220000,61358200
1462819620000,69004200
1462906020000,81311800
1462992420000,72658000
1463078820000,84197900
1463165220000,100660000
1463251620000,65906000
1463338020000,43796300
1463424420000,75892700
1463510820000,121472000
1463597220000,155513000
1463683620000,130381000
1463770020000,174982000
1463856420000,83183000
1463942820000,58450000
1464029220000,77502700
1464115620000,104716000
1464202020000,114346000
1464288420000,110485000
1464374820000,246794000
1464461220000,201105000
1464547620000,207588000
1464634020000,167207000
1464720420000,165068000
1464806820000,160324000
1464893220000,83945800
1464979620000,152293000
1465066020000,133823000
1465152420000,84951600
1465238820000,98599800
1465325220000,137596000
1465411620000,107020000
1465498020000,100144000
1465584420000,83379400
1465670820000,83643100
1465757220000,280720000
1465843620000,348192000
1465930020000,295643000
1466016420000,155633000
1466102820000,284316000
1466189220000,580663000
1466275620000,449784000
1466362020000,286470000
1466448420000,256199000
1466534820000,351258000
1466621220000,431276000
1466707620000,353257000
1466794020000,306964000
1466880420000,161938000
1466966820000,144557000
1467053220000,133787000
1467139620000,207149000
1467226020000,216936000
1467312420000,181850000
1467398820000,173981000
1467485220000,137889000
1467571620000,164627000
1467658020000,118793000
1467744420000,189878000
1467830820000,167671000
1467917220000,260260000
1468003620000,182246000
1468090020000,223013000
1468176420000,129831000
1468262820000,134336000
1468349220000,158146000
1468435620000,161634000
1468522020000,125726000
1468608420000,130892000
1468694820000,76127700
1468781220000,94257100
1468867620000,95383000
1468954020000,87540400
1469040420000,179437000
1469126820000,103372000
1469213220000,187744000
1469299620000,160615000
1469386020000,209147000
1469472420000,139700000
1469558820000,382281000
1469645220000,315278000
1469731620000,173392000
1469818020000,117501000
1469904420000,70351100
1469990820000,155158000
1470077220000,189410000
1470163620000,413413000
1470250020000,528006000
1470336420000,271127000
1470422820000,125388000
1470509220000,132095000
1470595620000,138971000
1470682020000,101064000
1470768420000,164253000
1470854820000,151555000
1470941220000,141837000
1471027620000,115560000
1471114020000,73501200
1471200420000,82247800
1471286820000,90780900
1471373220000,90604500
1471459620000,77868200
1471546020000,85144700
1471632420000,80050400
1471718820000,67799100
1471805220000,56104600
1471891620000,73511400
1471978020000,172008000
1472064420000,99833100
1472150820000,99185700
1472237220000,83974700
1472323620000,56128600
1472410020000,149321000
1472496420000,201231000
1472582820000,130501000
1472669220000,133311000
1472755620000,138729000
1472842020000,114469000
1472928420000,225436000
1473014820000,207290000
1473101220000,136653000
1473187620000,135052000
1473274020000,129191000
1473360420000,126928000
1473446820000,114950000
1473533220000,77283500
1473619620000,83889100
1473706020000,143115000
1473792420000,131528000
1473878820000,80567300
1473965220000,102543000
1474051620000,115410000
1474138020000,65011300
1474224420000,66169300
1474310820000,97863600
1474397220000,124332000
1474483620000,141401000
1474570020000,121987000
1474656420000,85541700
1474742820000,62181300
1474829220000,53683400
1474915620000,83978600
1475002020000,74574800
1475088420000,81133900
1475174820000,84157200
1475261220000,84313700
1475347620000,93125300
1475434020000,65311200
1475520420000,63611500
1475606820000,67809600
1475693220000,118678000
1475779620000,105814000
1475866020000,95431500
1475952420000,71569800
1476038820000,55900200
1476125220000,101795000
1476211620000,142251000
1476298020000,100399000
1476384420000,118831000
1476470820000,86743700
1476557220000,57824500
1476643620000,54011900
1476730020000,84596100
1476816420000,99352400
1476902820000,107230000
1476989220000,85028400
1477075620000,81125300
1477162020000,104062000
1477248420000,77912200
1477334820000,78189200
1477421220000,108019000
1477507620000,129874000
1477594020000,132315000
1477680420000,111030000
1477766820000,206264000
1477853220000,143601000
1477939620000,136868000
1478026020000,182048000
1478112420000,113738000
1478198820000,184237000
1478285220000,165713000
1478371620000,88798900
1478458020000,74806200
1478544420000,88053000
1478630820000,108311000
1478717220000,182083000
1478803620000,86821900
1478890020000,87272000
1478976420000,96134200
1479062820000,115817000
1479149220000,79683300
1479235620000,96422600
1479322020000,145779000
1479408420000,166662000
1479494820000,114871000
1479581220000,138716000
1479667620000,158436000
1479754020000,85244700
1479840420000,159033000
1479926820000,101158000
1480013220000,116517000
1480099620000,97149400
1480186020000,77744600
1480272420000,61816400
1480358820000,85201300
1480445220000,96795800
1480531620000,100814000
1480618020000,117940000
1480704420000,154186000
1480790820000,110079000
1480877220000,74343500
1480963620000,138591000
1481050020000,182664000
1481136420000,143261000
1481222820000,123280000
1481309220000,97155300
1481395620000,76273900
1481482020000,74270800
1481568420000,91336900
1481654820000,105350000
1481741220000,96420800
1481827620000,109797000
1481914020000,111560000
1482000420000,102527000
1482086820000,81907200
1482173220000,87455500
1482259620000,112059000
1482346020000,196614000
1482432420000,255169000
1482518820000,307419000
1482605220000,221443000
1482691620000,184089000
1482778020000,160304000
1482864420000,182645000
1482950820000,280736000
1483037220000,292081000
1483123620000,259227000
1483210020000,146468000
1483296420000,162557000
1483382820000,261993000
1483469220000,265349000
1483555620000,404228000
1483642020000,657666000
1483728420000,434016000
1483814820000,363207000
1483901220000,215349000
1483987620000,189031000
1484074020000,171621000
1484160420000,357207000
1484246820000,300072000
1484333220000,241789000
1484419620000,161712000
1484506020000,129624000
1484592420000,116591000
1484678820000,177043000
1484765220000,178877000
1484851620000,121458000
1484938020000,130707000
1485024420000,147425000
1485110820000,155366000
1485197220000,100014000
1485283620000,129595000
1485370020000,158149000
1485456420000,151361000
1485542820000,212159000
1485629220000,112274000
1485715620000,90438300
1485802020000,105821000
1485888420000,204010000
1485974820000,202584000
1486061220000,181250000
1486147620000,256389000
1486234020000,192469000
1486320420000,163794000
1486406820000,142399000
1486493220000,176913000
1486579620000,237022000
1486666020000,443813000
1486752420000,252252000
1486838820000,144399000
1486925220000,91834100
1487011620000,120433000
1487098020000,192614000
1487184420000,143410000
1487270820000,183364000
1487357220000,173890000
1487443620000,137318000
1487530020000,111760000
1487616420000,118179000
1487702820000,245435000
1487789220000,170772000
1487875620000,201625000
1487962020000,424568000
1488048420000,205086000
1488134820000,150846000
1488221220000,171476000
1488307620000,283247000
1488394020000,288060000
1488480420000,542805000
1488566820000,544410000
1488653220000,296301000
1488739620000,200179000
1488826020000,214712000
1488912420000,370038000
1488998820000,401363000
1489085220000,348732000
1489171620000,437174000
1489258020000,731719000
1489344420000,435182000
1489430820000,779356000
1489517220000,453987000
1489603620000,529875000
1489690020000,1079300000
1489776420000,1577950000
1489862820000,1087080000
1489949220000,879618000
1490035620000,631924000
1490122020000,592187000
1490208420000,622036000
1490294820000,404160000
1490381220000,798410000
1490467620000,938624000
1490554020000,547172000
1490640420000,587340000
1490726820000,639163000
1490813220000,560620000
1490899620000,693670000
1490986020000,950781000
1491072420000,566372000
1491158820000,893829000
1491245220000,1255130000
1491331620000,1071570000
1491418020000,773382000
1491504420000,1000090000
1491590820000,795867000
1491677220000,462212000
1491763620000,470901000
1491850020000,418564000
1491936420000,414101000
1492022820000,1419030000
1492109220000,768294000
1492195620000,522177000
1492282020000,412789000
1492368420000,363869000
1492454820000,488163000
1492541220000,585324000
1492627620000,485264000
1492714020000,683202000
1492800420000,537723000
1492886820000,505090000
1492973220000,586876000
1493059620000,586384000
1493146020000,455707000
1493232420000,632067000
1493318820000,945110000
1493405220000,1104200000
1493491620000,1034360000
1493578020000,833757000
1493664420000,1593280000
1493750820000,1056180000
1493837220000,1113260000
1493923620000,1722090000
1494010020000,2443730000
1494096420000,1185540000
1494182820000,1905280000
1494269220000,3032100000
1494355620000,2611640000
1494442020000,1971620000
1494528420000,1488300000
1494614820000,1434440000
1494701220000,1268810000
1494787620000,847231000
1494874020000,1369140000
1494960420000,2015400000
1495046820000,2300370000
1495133220000,1911020000
1495219620000,2350190000
1495306020000,2228710000
1495392420000,2455340000
1495478820000,4684960000
1495565220000,3329790000
1495651620000,3505790000
1495738020000,6138510000
1495824420000,3845480000
1495910820000,5381080000
1495997220000,3076280000
1496083620000,2141840000
1496170020000,3514620000
1496256420000,4550170000
1496342820000,4088600000
1496429220000,3132190000
1496515620000,3277500000
1496602020000,3467310000
1496688420000,2885440000
1496774820000,4360720000
1496861220000,3278940000
1496947620000,2945450000
1497034020000,3235550000
1497120420000,5130390000
1497206820000,5662310000
1497293220000,6649260000
1497379620000,5250640000
1497466020000,4548910000
1497552420000,5755350000
1497638820000,4121530000
1497725220000,5084390000
1497811620000,4695320000
1497898020000,4877480000
1497984420000,5159590000
1498070820000,4782200000
1498157220000,4043240000
1498243620000,3092780000
1498330020000,2967230000
1498416420000,3305840000
1498502820000,5200270000
1498589220000,5062660000
1498675620000,5024270000
1498762020000,4070680000
1498848420000,2783080000
1498934820000,2724040000
1499021220000,3139270000
1499107620000,4041150000
1499194020000,3492960000
1499280420000,3377400000
1499366820000,2793370000
1499453220000,2758080000
1499539620000,3066840000
1499626020000,2159820000
1499712420000,2615030000
1499798820000,4881350000
1499885220000,3957770000
1499971620000,3407960000
1500058020000,2695450000
1500144420000,3200020000
1500230820000,3803570000
1500317220000,3984880000
1500403620000,4767230000
1500490020000,5670660000
1500576420000,5716680000
1500662820000,4865750000
1500749220000,2754560000
1500835620000,3378920000
1500922020000,2221360000
1501008420000,3389760000
1501094820000,2863910000
1501181220000,1632610000
1501267620000,2894180000
1501354020000,1921880000
1501440420000,2068170000
1501526820000,1908870000
1501613220000,3775770000
1501699620000,3115360000
1501786020000,2276470000
1501872420000,2621120000
1501958820000,4441050000
1502045220000,3825660000
1502131620000,3851400000
1502218020000,4676690000
1502304420000,5706430000
1502390820000,4308640000
1502477220000,5171920000
1502563620000,5264810000
1502650020000,6559080000
1502736420000,5405750000
1502822820000,6272090000
1502909220000,4905950000
1502995620000,5367550000
1503082020000,7540970000
1503168420000,10054000000
1503254820000,5840840000
1503341220000,7938250000
1503427620000,9569630000
1503514020000,7104960000
1503600420000,6699630000
1503686820000,4897980000
1503773220000,4066540000
1503859620000,4689220000
1503946020000,5500700000
1504032420000,6078610000
1504118820000,5895260000
1504205220000,5179550000
1504291620000,7276040000
1504378020000,8972270000
1504464420000,5710770000
1504550820000,7686290000
1504637220000,7894870000
1504723620000,6745960000
1504810020000,5833940000
1504896420000,6986970000
1504982820000,4315020000
1505069220000,4544150000
1505155620000,3883070000
1505242020000,4515150000
1505328420000,5413520000
1505414820000,6078050000
1505501220000,10994800000
1505587620000,5287730000
1505674020000,2924010000
1505760420000,4887240000
1505846820000,3772020000
1505933220000,3761410000
1506019620000,3066420000
1506106020000,3166100000
1506192420000,2511860000
1506278820000,2084450000
1506365220000,3110080000
1506451620000,2612140000
1506538020000,3591940000
1506624420000,4712100000
1506710820000,3503620000
1506797220000,2623970000
1506883620000,2510080000
1506970020000,3361300000
1507056420000,2759230000
1507142820000,2480580000
1507229220000,2800650000
1507315620000,2450700000
1507402020000,2008500000
1507488420000,2759230000
1507574820000,3732210000
1507661220000,4411990000
1507747620000,2700520000
1507834020000,4669610000
1507920420000,7260760000
1508006820000,3802120000
1508093220000,4108820000
1508179620000,4885530000
1508266020000,4924030000
1508352420000,5037620000
1508438820000,3824740000
1508525220000,4099240000
1508611620000,4095160000
1508698020000,3620300000
1508784420000,3826770000
1508870820000,5597530000
1508957220000,3573460000
1509043620000,3367050000
1509130020000,3432500000
1509216420000,2978010000
1509302820000,6445810000
1509389220000,4659040000
1509475620000,3906490000
1509562020000,5392620000
1509648420000,8781160000
1509734820000,7552460000
1509821220000,5946790000
1509907620000,4502790000
1509994020000,6211510000
1510080420000,5432430000
1510166820000,7018460000
1510253220000,8403330000
1510339620000,11123100000
1510426020000,15588700000
1510512420000,22350100000
1510598820000,16369600000
1510685220000,9472770000
1510771620000,8132500000
1510858020000,10699700000
1510944420000,12124200000
1511030820000,10486800000
1511117220000,7925850000
1511203620000,7399270000
1511290020000,9836450000
1511376420000,8658000000
1511462820000,13041700000
1511549220000,14218600000
1511635620000,11492600000
1511722020000,10723700000
1511808420000,13754400000
1511894820000,14854700000
1511981220000,21368800000
1512067620000,20133200000
1512154020000,14060600000
1512240420000,11612300000
1512326820000,12094300000
1512413220000,14176400000
1512499620000,14996200000
1512586020000,21809100000
1512672420000,29939300000
1512758820000,35274500000
1512845220000,25557900000
1512931620000,21787300000
1513018020000,21501100000
1513104420000,37107600000
1513190820000,34159600000
1513277220000,36581400000
1513363620000,36017300000
1513450020000,26670800000
1513536420000,30351500000
1513622820000,34821400000
1513709220000,43944600000
1513795620000,58805800000
1513882020000,44733200000
1513968420000,49654900000
1514054820000,36861700000
1514141220000,27205600000
1514227620000,25297500000
1514314020000,28443600000
1514400420000,27747300000
1514486820000,31479600000
1514573220000,35195600000
1514659620000,41076200000
1514746020000,33365100000
1514832420000,24865000000
1514918820000,52759400000
1515005220000,48338100000
1515091620000,70004300000
1515178020000,60840100000
1515264420000,48826300000
1515350820000,44060500000
1515437220000,49287700000
1515523620000,45533700000
1515610020000,54456200000
1515696420000,52270600000
1515782820000,38249400000
1515869220000,39220700000
1515955620000,34346500000
1516042020000,39421100000
1516128420000,47293800000
1516214820000,50751900000
1516301220000,58359100000
1516387620000,36880700000
1516474020000,35070000000
1516560420000,32471300000
1516646820000,29684800000
1516733220000,31176600000
1516819620000,28183700000
1516906020000,28548400000
1516992420000,29180500000
1517078820000,21037600000
1517165220000,25233900000
1517251620000,22199600000
1517338020000,22008100000
1517424420000,26561500000
1517510820000,25602200000
1517597220000,40084100000
1517683620000,23881600000
1517770020000,19949500000
1517856420000,22964000000
1517942820000,39544900000
1518029220000,30316700000
1518115620000,25693900000
1518202020000,24245300000
1518288420000,25943700000
1518374820000,20544700000
1518461220000,17325000000
1518547620000,17395700000
1518634020000,22773400000
1518720420000,24799200000
1518806820000,20792000000
1518893220000,21767200000
1518979620000,23061500000
1519066020000,19449000000
1519152420000,23295600000
1519238820000,25341400000
1519325220000,20871100000
1519411620000,20145500000
1519498020000,18302000000
1519584420000,14802300000
1519670820000,18766300000
1519757220000,18048500000
1519843620000,17512400000
1519930020000,17917100000
1520016420000,18144300000
1520102820000,16663600000
1520189220000,14829800000
1520275620000,17770100000
1520362020000,17235200000
1520448420000,20211600000
1520534820000,18705100000
1520621220000,19813800000
1520707620000,14629400000
1520794020000,15043200000
1520880420000,14151800000
1520966820000,15170000000
1521053220000,14025800000
1521139620000,17506100000
1521226020000,13412700000
1521312420000,10711600000
1521398820000,14399900000
1521485220000,18704400000
1521571620000,17635600000
1521658020000,16819300000
1521744420000,15125600000
1521830820000,15770900000
1521917220000,16136400000
1522003620000,12776100000
1522090020000,13907300000
1522176420000,15599000000
1522262820000,13752600000
1522349220000,14652400000
1522435620000,17486100000
1522522020000,11856900000
1522608420000,11357600000
1522694820000,10910700000
1522727220000,11503800000
