Date,Open,High,Low,Close,Volume,Market Cap
Mar 31 2018,0.010081,0.010773,0.009166,0.009270,3637,2569590
Mar 30 2018,0.010142,0.010493,0.009431,0.010080,1633,2585010
Mar 29 2018,0.012189,0.012309,0.009879,0.010167,4044,3106540
Mar 28 2018,0.010450,0.012330,0.010443,0.012174,4645,2663360
Mar 27 2018,0.011463,0.011693,0.010439,0.010452,2567,2921660
Mar 26 2018,0.012064,0.012616,0.011018,0.011481,3368,3074540
Mar 25 2018,0.012207,0.013754,0.011656,0.012073,1999,3110990
Mar 24 2018,0.014029,0.014451,0.011426,0.012377,3384,3575340
Mar 23 2018,0.012926,0.013905,0.012264,0.013905,2826,3294260
Mar 22 2018,0.013681,0.014100,0.012443,0.012927,5437,3486580
Mar 21 2018,0.013108,0.014085,0.013052,0.013706,1502,3340430
Mar 20 2018,0.011882,0.013484,0.011639,0.013085,2470,3027840
Mar 19 2018,0.011862,0.012391,0.010485,0.011751,3047,3022680
Mar 18 2018,0.012417,0.013145,0.011473,0.011912,3740,3164200
Mar 17 2018,0.013250,0.013256,0.012169,0.012448,942,3376330
Mar 16 2018,0.013436,0.014180,0.013228,0.013228,1578,3423720
Mar 15 2018,0.013083,0.014699,0.012195,0.013444,4046,3333340
Mar 14 2018,0.012740,0.017487,0.012513,0.013089,12104,3245760
Mar 13 2018,0.012924,0.013563,0.012573,0.012736,580,3292550
Mar 12 2018,0.013729,0.014183,0.012529,0.012999,1468,3497560
Mar 11 2018,0.013336,0.013997,0.012444,0.013773,1086,3397140
Mar 10 2018,0.013092,0.014375,0.012668,0.013382,1516,3335080
Mar 09 2018,0.014157,0.014336,0.012120,0.013087,3286,3606250
Mar 08 2018,0.015379,0.015909,0.012969,0.014247,5411,3917260
Mar 07 2018,0.019207,0.019493,0.014779,0.015401,4700,4892150
Mar 06 2018,0.022185,0.022185,0.018260,0.019232,40103,5650390
Mar 05 2018,0.014657,0.022582,0.014381,0.022248,64547,3733050
Mar 04 2018,0.016014,0.016026,0.011716,0.014668,12054,4078410
Mar 03 2018,0.013155,0.021530,0.013088,0.016041,24293,3350180
Mar 02 2018,0.012805,0.013816,0.012614,0.013171,4431,3261090
Mar 01 2018,0.012731,0.013917,0.012551,0.012838,1332,3241950
Feb 28 2018,0.014376,0.015038,0.010292,0.012712,20737,3660930
Feb 27 2018,0.015257,0.015302,0.012354,0.014393,12036,3885160
Feb 26 2018,0.013765,0.016422,0.013669,0.015214,1952,3505310
Feb 25 2018,0.014917,0.015076,0.012623,0.014625,2528,3798360
Feb 24 2018,0.013798,0.014962,0.012572,0.014939,2887,3513340
Feb 23 2018,0.013552,0.014571,0.013066,0.013815,1218,3450760
Feb 22 2018,0.015566,0.015733,0.013394,0.013565,5474,3963620
Feb 21 2018,0.016563,0.016666,0.014705,0.015582,9619,4217190
Feb 20 2018,0.016921,0.017824,0.015903,0.016583,4168,4308370
Feb 19 2018,0.015038,0.016947,0.014640,0.016906,2890,3828760
Feb 18 2018,0.016294,0.016550,0.014706,0.015107,1492,4144680
Feb 17 2018,0.015125,0.016513,0.014598,0.016244,5502,3847240
Feb 16 2018,0.015198,0.015695,0.014193,0.015128,2195,3865850
Feb 15 2018,0.013369,0.015504,0.013157,0.015263,7772,3400520
Feb 14 2018,0.012494,0.013823,0.011949,0.013361,2833,3178000
Feb 13 2018,0.012740,0.013245,0.011500,0.012531,1895,3240370
Feb 12 2018,0.011782,0.012938,0.010867,0.012724,2743,2996800
Feb 11 2018,0.011763,0.012517,0.010520,0.011401,4322,2991920
Feb 10 2018,0.011936,0.012769,0.010988,0.011773,3414,3035880
Feb 09 2018,0.011898,0.012426,0.010827,0.011928,6078,3026120
Feb 08 2018,0.010911,0.013378,0.010860,0.011862,1899,2774850
Feb 07 2018,0.010683,0.012403,0.010099,0.010955,3508,2716670
Feb 06 2018,0.009099,0.011023,0.007563,0.010791,5501,2313780
Feb 05 2018,0.012745,0.013302,0.008441,0.009087,3534,3241170
Feb 04 2018,0.016767,0.016767,0.012261,0.012870,3459,4263790
Feb 03 2018,0.014250,0.016976,0.013086,0.016758,5998,3623570
Feb 02 2018,0.014410,0.014577,0.011296,0.013449,3878,3664240
Feb 01 2018,0.017299,0.017361,0.013517,0.014440,9108,4398840
Jan 31 2018,0.017753,0.023952,0.016026,0.017259,11802,4513960
Jan 30 2018,0.021563,0.023843,0.016457,0.017725,7652,5482880
Jan 29 2018,0.022130,0.022444,0.018481,0.021559,8926,5626860
Jan 28 2018,0.022546,0.023470,0.020816,0.020816,9649,5732390
Jan 27 2018,0.021685,0.023108,0.020669,0.022431,8216,5513260
Jan 26 2018,0.023048,0.024498,0.019609,0.021699,6898,5859590
Jan 25 2018,0.025447,0.026669,0.022568,0.023109,12801,6468520
Jan 24 2018,0.024145,0.026384,0.022454,0.025035,6958,6136760
Jan 23 2018,0.023746,0.024799,0.021149,0.024143,4955,6034780
Jan 22 2018,0.026358,0.028186,0.022953,0.023776,7205,6697880
Jan 21 2018,0.030804,0.030804,0.023348,0.026002,22565,7826570
Jan 20 2018,0.029124,0.035011,0.027926,0.030732,14288,7398680
Jan 19 2018,0.027165,0.031164,0.024885,0.028810,5275,6900220
Jan 18 2018,0.022264,0.032316,0.021892,0.027454,17427,5654450
Jan 17 2018,0.021005,0.025808,0.019564,0.022200,17081,5334090
Jan 16 2018,0.034479,0.034479,0.022073,0.024614,29087,8755170
Jan 15 2018,0.048094,0.051150,0.032745,0.034419,39349,12211600
Jan 14 2018,0.044849,0.045026,0.036675,0.044691,64386,11387400
Jan 13 2018,0.047671,0.049077,0.042224,0.044882,83120,12103300
Jan 12 2018,0.046503,0.051272,0.042841,0.047713,45476,11806600
Jan 11 2018,0.048123,0.048412,0.032659,0.046192,55026,12217300
Jan 10 2018,0.045166,0.062267,0.038756,0.046964,81229,11465500
Jan 09 2018,0.064556,0.064556,0.044986,0.045080,105109,16385400
Jan 08 2018,0.064747,0.079371,0.050716,0.062404,246942,16431200
Jan 07 2018,0.053814,0.069761,0.037114,0.066392,415441,13656500
Jan 06 2018,0.031871,0.054860,0.029447,0.051844,229943,8087740
Jan 05 2018,0.027307,0.034448,0.025082,0.034130,55555,6929160
Jan 04 2018,0.027509,0.029607,0.024067,0.027299,30069,6980330
Jan 03 2018,0.027256,0.028682,0.023848,0.027361,32353,6915920
Jan 02 2018,0.022078,0.028291,0.020834,0.027354,75397,5601790
Jan 01 2018,0.019445,0.022378,0.016812,0.022027,43649,4933590
Dec 31 2017,0.015766,0.022264,0.014809,0.019380,24073,3999760
Dec 30 2017,0.016035,0.017188,0.013637,0.016079,40208,4068200
Dec 29 2017,0.017113,0.017763,0.014741,0.016087,22754,4341280
Dec 28 2017,0.015893,0.017652,0.014105,0.017652,24158,4028430
Dec 27 2017,0.016744,0.017914,0.015381,0.015926,15070,4244010
Dec 26 2017,0.016414,0.017794,0.014827,0.016731,17253,4160380
Dec 25 2017,0.014524,0.016761,0.013855,0.016431,21698,3681280
Dec 24 2017,0.015812,0.015812,0.012286,0.014385,8370,4007610
Dec 23 2017,0.013043,0.016455,0.012912,0.015639,25059,3305670
Dec 22 2017,0.017579,0.017839,0.010466,0.012921,30415,4454940
Dec 21 2017,0.016316,0.022057,0.015217,0.017627,20068,4134790
Dec 20 2017,0.018308,0.018308,0.014675,0.016275,7862,4639030
Dec 19 2017,0.019444,0.022339,0.016264,0.018326,36301,4926510
Dec 18 2017,0.017167,0.018938,0.016151,0.018938,36667,4349480
Dec 17 2017,0.016461,0.017806,0.015630,0.017022,12883,4170570
Dec 16 2017,0.015680,0.017201,0.015216,0.016436,9820,3972510
Dec 15 2017,0.017128,0.017469,0.013630,0.015643,10470,4339210
Dec 14 2017,0.016563,0.018489,0.014076,0.017102,25292,4195870
Dec 13 2017,0.014250,0.021632,0.012102,0.016615,15208,3609720
Dec 12 2017,0.013994,0.015046,0.011858,0.014235,4675,3544610
Dec 11 2017,0.011698,0.014529,0.011650,0.013945,2524,2962880
Dec 10 2017,0.011748,0.011980,0.010005,0.011765,4180,2975290
Dec 09 2017,0.014468,0.014698,0.010637,0.011701,6898,3662420
Dec 08 2017,0.014964,0.015004,0.011647,0.014482,3215,3787360
Dec 07 2017,0.014129,0.014948,0.011588,0.014948,19813,3575900
Dec 06 2017,0.013182,0.014384,0.012930,0.014267,14141,3336000
Dec 05 2017,0.012308,0.013530,0.011642,0.013211,5034,3114830
Dec 04 2017,0.012687,0.013959,0.011400,0.012284,5905,3210430
Dec 03 2017,0.010976,0.013875,0.010910,0.012645,7739,2774240
Dec 02 2017,0.011516,0.012613,0.010896,0.010965,2155,2910480
Dec 01 2017,0.010028,0.013064,0.009507,0.011526,2172,2534240
Nov 30 2017,0.012314,0.013822,0.009346,0.010078,13498,3109240
Nov 29 2017,0.012530,0.014663,0.010455,0.012128,2525,3161270
Nov 28 2017,0.012557,0.013849,0.011795,0.012538,1158,3167810
Nov 27 2017,0.011471,0.013538,0.010914,0.013516,9229,2893560
Nov 26 2017,0.011738,0.013596,0.010358,0.011469,8602,2956460
Nov 25 2017,0.011253,0.011742,0.009920,0.011742,14680,2834320
Nov 24 2017,0.009855,0.011290,0.009016,0.011276,4431,2482080
Nov 23 2017,0.010219,0.011535,0.009271,0.009869,6349,2573670
Nov 22 2017,0.011303,0.011831,0.009888,0.010223,3087,2846590
Nov 21 2017,0.010350,0.011699,0.008657,0.011275,9636,2606710
Nov 20 2017,0.009351,0.011623,0.008854,0.010351,3455,2355100
Nov 19 2017,0.009038,0.010933,0.008937,0.009360,6157,2276180
Nov 18 2017,0.006528,0.009103,0.006228,0.009055,2832,1643920
Nov 17 2017,0.010132,0.010132,0.006200,0.006552,117,2551510
Nov 16 2017,0.010736,0.010738,0.009782,0.010148,3827,2703550
Nov 15 2017,0.009444,0.011802,0.009444,0.010679,9192,2378380
Nov 14 2017,0.009828,0.010053,0.005536,0.009436,4960,2474850
Nov 13 2017,0.008898,0.009956,0.007738,0.009806,2444,2240640
Nov 12 2017,0.008193,0.009695,0.006605,0.008789,5710,2063190
Nov 11 2017,0.011108,0.011430,0.008043,0.008260,3315,2797070
Nov 10 2017,0.007884,0.011735,0.007335,0.011142,13120,1985350
Nov 09 2017,0.008407,0.008963,0.007584,0.007860,609,2116910
Nov 08 2017,0.007516,0.008425,0.007472,0.008415,766,1892620
Nov 07 2017,0.007870,0.008607,0.007291,0.007540,895,1981630
Nov 06 2017,0.007403,0.008389,0.006211,0.007883,816,1864100
Nov 05 2017,0.007256,0.009172,0.006982,0.007387,478,1827070
Nov 04 2017,0.007197,0.007564,0.005647,0.007270,925,1812030
Nov 03 2017,0.006812,0.008084,0.006650,0.007215,1024,1715220
Nov 02 2017,0.007038,0.007790,0.006518,0.006821,557,1772090
Nov 01 2017,0.006712,0.007134,0.006471,0.007030,472,1689830
Oct 31 2017,0.006602,0.007184,0.006297,0.006717,610,1662330
Oct 30 2017,0.005914,0.007424,0.005885,0.006360,756,1489050
Oct 29 2017,0.006149,0.006728,0.005450,0.005949,128,1548200
Oct 28 2017,0.005883,0.006193,0.005616,0.006158,50,1481160
Oct 27 2017,0.005247,0.006299,0.005242,0.005867,25,1320970
Oct 26 2017,0.005456,0.007114,0.005159,0.005246,756,1373580
Oct 25 2017,0.005756,0.006586,0.005237,0.005456,174,1449060
Oct 24 2017,0.005269,0.006518,0.005131,0.005743,76,1326540
Oct 23 2017,0.004813,0.007199,0.004772,0.005281,92,1211750
Oct 22 2017,0.005677,0.006440,0.004775,0.004821,65,1429340
Oct 21 2017,0.006425,0.006529,0.005585,0.005676,341,1617560
Oct 20 2017,0.006261,0.006453,0.005732,0.006439,759,1576150
Oct 19 2017,0.005781,0.007636,0.005645,0.006259,449,1455250
Oct 18 2017,0.006417,0.006707,0.005485,0.005779,397,1615350
Oct 17 2017,0.007839,0.007859,0.005227,0.006416,279,1973440
Oct 16 2017,0.006332,0.007882,0.004344,0.007839,409,1594120
Oct 15 2017,0.007431,0.007462,0.006094,0.006332,75,1870620
Oct 14 2017,0.006494,0.008039,0.005291,0.007418,590,1634830
Oct 13 2017,0.005966,0.006676,0.005617,0.006493,325,1501870
Oct 12 2017,0.005426,0.007242,0.005270,0.005948,203,1365960
Oct 11 2017,0.005713,0.006140,0.005136,0.005422,63,1438020
Oct 10 2017,0.006030,0.006245,0.004688,0.005714,493,1517950
Oct 09 2017,0.007051,0.009200,0.004160,0.006030,1879,1774740
Oct 08 2017,0.006978,0.007202,0.006000,0.007049,304,1756440
Oct 07 2017,0.006486,0.007455,0.005999,0.006995,219,1632450
Oct 06 2017,0.005897,0.007126,0.005591,0.006484,237,1484170
Oct 05 2017,0.005396,0.007502,0.005092,0.005897,318,1358140
Oct 04 2017,0.005367,0.005706,0.004863,0.005393,3143,1350900
Oct 03 2017,0.005340,0.007040,0.005092,0.005355,2589,1343970
Oct 02 2017,0.009094,0.010624,0.005311,0.005339,2753,2288990
Oct 01 2017,0.010962,0.011480,0.007811,0.009098,4274,2758960
Sep 30 2017,0.011997,0.012850,0.009004,0.010956,8140,3019490
Sep 29 2017,0.012560,0.012615,0.009007,0.012520,1630,3161080
Sep 28 2017,0.007882,0.013562,0.007082,0.012528,4718,1983620
Sep 27 2017,0.007648,0.008355,0.007231,0.007882,1097,1924860
Sep 26 2017,0.005547,0.008339,0.005111,0.007669,4602,1396130
Sep 25 2017,0.005198,0.005618,0.004709,0.005546,944,1308060
Sep 24 2017,0.004613,0.005519,0.004224,0.005203,771,1160930
Sep 23 2017,0.003374,0.006101,0.003168,0.004801,2958,849053
Sep 22 2017,0.003178,0.005182,0.003006,0.003383,1361,799844
Sep 21 2017,0.002657,0.003455,0.002156,0.003181,21233,668523
Sep 20 2017,0.004320,0.004411,0.002132,0.002455,58066,1087030
Sep 19 2017,0.004336,0.004464,0.003834,0.004321,41251,1091090
Sep 18 2017,0.003971,0.004905,0.003955,0.004290,54984,999243
Sep 17 2017,0.004903,0.004903,0.003312,0.004007,35668,1233810
Sep 16 2017,0.004954,0.007541,0.003391,0.004667,129351,1246600
Sep 15 2017,0.002344,0.005191,0.001866,0.004963,150736,589796
Sep 14 2017,0.007809,0.007812,0.002225,0.002341,44945,1964980
Sep 13 2017,0.007393,0.008103,0.006991,0.007810,36310,1860170
Sep 12 2017,0.007564,0.009449,0.007217,0.007396,57748,1903330
Sep 11 2017,0.007239,0.008766,0.007211,0.007564,30165,1821490
Sep 10 2017,0.009218,0.009381,0.006428,0.007251,52509,2319450
Sep 09 2017,0.009189,0.010762,0.008323,0.009223,40620,2312110
Sep 08 2017,0.014772,0.015450,0.007901,0.009368,132860,3716680
Sep 07 2017,0.020022,0.020039,0.013895,0.014772,105389,5037690
Sep 06 2017,0.013877,0.021302,0.013877,0.020043,209922,3491470
Sep 05 2017,0.013985,0.015194,0.009411,0.014285,99538,3518680
Sep 04 2017,0.020345,0.020664,0.013020,0.014089,87682,5118560
Sep 03 2017,0.021566,0.021719,0.019814,0.020582,23272,5425790
Sep 02 2017,0.022734,0.023845,0.020266,0.020738,49664,5719650
Sep 01 2017,0.021374,0.023303,0.021128,0.021938,53664,5377450
Aug 31 2017,0.021668,0.022094,0.020340,0.021356,11013,5451200
Aug 30 2017,0.022364,0.022511,0.019914,0.021667,36550,5626350
Aug 29 2017,0.023018,0.023668,0.022118,0.022354,17935,5790790
Aug 28 2017,0.025847,0.025925,0.022182,0.023009,53607,6502370
Aug 27 2017,0.022184,0.025275,0.021688,0.025231,90946,5580700
Aug 26 2017,0.021689,0.022732,0.021689,0.022185,24076,5456230
Aug 25 2017,0.022782,0.023208,0.021063,0.021858,46337,5731020
Aug 24 2017,0.023947,0.023947,0.021617,0.022782,34199,6024070
Aug 23 2017,0.021352,0.024743,0.021352,0.024004,78701,5371180
Aug 22 2017,0.023781,0.024753,0.019647,0.021344,81165,5982230
Aug 21 2017,0.023830,0.027736,0.021760,0.023606,105008,5994360
Aug 20 2017,0.021655,0.025158,0.020973,0.023692,58049,5447180
Aug 19 2017,0.022162,0.022344,0.019513,0.021654,59896,5574720
Aug 18 2017,0.025631,0.025631,0.021664,0.022139,51752,6447110
Aug 17 2017,0.027975,0.027976,0.025069,0.025647,23496,7036760
Aug 16 2017,0.025637,0.028054,0.025477,0.027955,55725,6448590
Aug 15 2017,0.026950,0.027800,0.023834,0.025661,86149,6778640
Aug 14 2017,0.028795,0.030107,0.026235,0.026950,60802,7242630
Aug 13 2017,0.028533,0.032114,0.026803,0.028779,97929,7176770
Aug 12 2017,0.028222,0.029506,0.026441,0.028563,76771,7098420
Aug 11 2017,0.029529,0.029994,0.027834,0.028495,76461,7427050
Aug 10 2017,0.030323,0.031712,0.027826,0.029471,84766,7626600
Aug 09 2017,0.030891,0.031585,0.029140,0.030297,107836,7769480
Aug 08 2017,0.033359,0.033645,0.030006,0.030895,189355,8389980
Aug 07 2017,0.031430,0.033983,0.030456,0.033372,117925,7904650
Aug 06 2017,0.037580,0.038574,0.031937,0.031940,307656,9451340
Aug 05 2017,0.034494,0.038025,0.033529,0.037535,269916,8675020
Aug 04 2017,0.031058,0.037937,0.031029,0.035072,295947,7810970
Aug 03 2017,0.031847,0.032247,0.030371,0.031099,98162,8009190
Aug 02 2017,0.030495,0.032640,0.029335,0.031857,197219,7669190
Aug 01 2017,0.027900,0.031371,0.027587,0.030362,126553,7016280
Jul 31 2017,0.029079,0.029205,0.026782,0.027886,52108,7312660
Jul 30 2017,0.030413,0.030857,0.028354,0.029090,41076,7648240
Jul 29 2017,0.031407,0.031407,0.028466,0.030413,62050,7898120
Jul 28 2017,0.033137,0.033270,0.030091,0.031147,96287,8332910
Jul 27 2017,0.032782,0.033907,0.030569,0.033167,172577,8243600
Jul 26 2017,0.030871,0.034115,0.025931,0.032556,247254,7762970
Jul 25 2017,0.039976,0.040696,0.027080,0.031559,301906,10052400
Jul 24 2017,0.039408,0.041635,0.037251,0.039979,228531,9909470
Jul 23 2017,0.047908,0.048587,0.034885,0.039841,677429,12046700
Jul 22 2017,0.039454,0.049489,0.038272,0.047893,813445,9920610
Jul 21 2017,0.042018,0.044827,0.035469,0.039858,639040,10565300
Jul 20 2017,0.033912,0.043581,0.033011,0.041246,821497,8526970
Jul 19 2017,0.027854,0.038393,0.026103,0.031291,520837,7003760
Jul 18 2017,0.025951,0.031047,0.023497,0.027825,334061,6525090
Jul 17 2017,0.021948,0.025982,0.021697,0.025407,173160,5518610
Jul 16 2017,0.026900,0.027433,0.020644,0.021839,166380,6763550
Jul 15 2017,0.030981,0.030981,0.023609,0.026930,267016,7789460
Jul 14 2017,0.034534,0.035813,0.029490,0.030364,220426,8682740
Jul 13 2017,0.038033,0.038373,0.031984,0.034619,312750,9562420
Jul 12 2017,0.034827,0.038681,0.029745,0.038681,299977,8756110
Jul 11 2017,0.036748,0.038525,0.031064,0.034828,279001,9239030
Jul 10 2017,0.042246,0.047639,0.035276,0.037553,367565,10621100
Jul 09 2017,0.052151,0.053382,0.041217,0.042817,383534,13111200
Jul 08 2017,0.043558,0.054983,0.034459,0.052562,777001,10950700
Jul 07 2017,0.054530,0.054824,0.043407,0.043520,600624,13708900
Jul 06 2017,0.064484,0.064484,0.052869,0.055113,568252,16211200
Jul 05 2017,0.068619,0.069491,0.061803,0.063785,571908,17161600
Jul 04 2017,0.070131,0.074615,0.067643,0.069536,551280,17539700
Jul 03 2017,0.080505,0.084016,0.069975,0.070689,1328580,20134300
Jul 02 2017,0.073370,0.082608,0.063613,0.078644,2405700,18350000
Jul 01 2017,0.108957,0.108957,0.072560,0.074209,2827990,27250100
Jun 30 2017,0.064511,0.112040,0.064409,0.104906,5401780,16134400
Jun 29 2017,0.072032,0.072888,0.059187,0.065048,1304700,18015400
Jun 28 2017,0.055018,0.074297,0.048433,0.067916,1090900,13760000
Jun 27 2017,0.058028,0.058028,0.046141,0.054370,441337,14513000
Jun 26 2017,0.068036,0.068887,0.047230,0.058028,785609,17015900
Jun 25 2017,0.067335,0.078119,0.065836,0.067454,795038,16840400
Jun 24 2017,0.079990,0.080699,0.066588,0.067488,21493,20005500
Jun 23 2017,0.072189,0.086695,0.071452,0.079999,1045240,18054600
Jun 22 2017,0.071046,0.075494,0.061762,0.071197,883384,17768800
Jun 21 2017,0.078426,0.093342,0.058986,0.071046,1670830,19614400
Jun 20 2017,0.093774,0.115000,0.069736,0.075693,1963570,23452900
Jun 19 2017,0.051319,0.094811,0.049089,0.092549,2643780,12834900
Jun 18 2017,0.046672,0.056327,0.046424,0.051319,376039,11672700
Jun 17 2017,0.051187,0.051187,0.040029,0.046423,424335,12801900
Jun 16 2017,0.038083,0.061108,0.038083,0.051925,1329150,9524670
Jun 15 2017,0.029006,0.037512,0.025011,0.036428,464173,7254330
Jun 14 2017,0.023762,0.041078,0.020812,0.029007,411791,5942800
Jun 13 2017,0.021329,0.025641,0.020422,0.023776,82856,5334380
Jun 12 2017,0.023794,0.024445,0.017553,0.020879,97711,5951030
Jun 11 2017,0.023001,0.023832,0.021884,0.023826,50497,5752550
Jun 10 2017,0.021907,0.023766,0.021109,0.023014,128766,5479090
Jun 09 2017,0.019334,0.023673,0.016330,0.021875,106779,4835500
Jun 08 2017,0.016730,0.019637,0.014221,0.019365,83220,4184190
Jun 07 2017,0.019749,0.021380,0.016565,0.016646,45473,4939200
Jun 06 2017,0.020180,0.021406,0.017662,0.019744,40940,5046990
Jun 05 2017,0.020130,0.021647,0.019006,0.020119,48024,5034580
Jun 04 2017,0.021021,0.021021,0.018028,0.020127,53320,5257420
Jun 03 2017,0.020027,0.024443,0.014973,0.021078,189796,5008870
Jun 02 2017,0.012687,0.020036,0.012329,0.020036,236816,3173010
Jun 01 2017,0.012288,0.013020,0.010929,0.012681,30914,3073170
May 31 2017,0.010290,0.012383,0.009504,0.012277,39884,2573490
May 30 2017,0.011387,0.012937,0.010199,0.010250,23345,2847850
May 29 2017,0.011872,0.012055,0.009279,0.012055,26283,2969120
May 28 2017,0.014599,0.014875,0.009089,0.011896,40039,3651180
May 27 2017,0.011627,0.014903,0.007580,0.014510,72950,2907900
May 26 2017,0.013503,0.021821,0.010482,0.011588,60153,3377090
May 25 2017,0.024751,0.024803,0.013603,0.013603,58591,6190280
May 24 2017,0.025737,0.026957,0.020902,0.024798,100009,6436950
May 23 2017,0.025238,0.032195,0.018332,0.023977,66736,6312080
May 22 2017,0.018547,0.031789,0.015904,0.025272,184966,4638500
May 21 2017,0.012296,0.018728,0.011173,0.018484,108386,3075270
May 20 2017,0.010783,0.012530,0.010399,0.012301,21855,2696810
May 19 2017,0.010703,0.012388,0.008338,0.010795,37136,2676830
May 18 2017,0.008235,0.010714,0.008188,0.010697,37049,2059540
May 17 2017,0.008037,0.009013,0.007500,0.008239,15867,2009950
May 16 2017,0.008295,0.008500,0.007095,0.008039,20199,2074570
May 15 2017,0.009670,0.009849,0.007603,0.008307,27842,2418580
May 14 2017,0.008362,0.009653,0.008091,0.009486,65861,2091240
May 13 2017,0.008631,0.009109,0.006142,0.008335,41073,2158540
May 12 2017,0.007857,0.009837,0.007081,0.008648,15816,1964980
May 11 2017,0.008087,0.009653,0.006466,0.007849,19252,2022600
May 10 2017,0.009471,0.009482,0.007327,0.008073,17120,2368690
May 09 2017,0.011000,0.011019,0.004762,0.009466,48669,2750990
May 08 2017,0.006862,0.010997,0.006710,0.010997,94371,1716290
May 07 2017,0.006150,0.007272,0.006142,0.006862,14382,1538120
May 06 2017,0.006369,0.006614,0.005557,0.006150,7572,1592950
May 05 2017,0.006231,0.006869,0.005767,0.006371,6564,1558350
May 04 2017,0.006243,0.006750,0.005664,0.006216,3112,1561330
May 03 2017,0.005517,0.006253,0.004493,0.006237,3804,1379920
May 02 2017,0.005547,0.006273,0.004395,0.005518,9547,1387240
May 01 2017,0.006582,0.007512,0.005393,0.005550,8439,1646140
Apr 30 2017,0.005287,0.006973,0.005286,0.006582,16496,1322290
Apr 29 2017,0.004972,0.006193,0.004346,0.005286,19623,1243570
Apr 28 2017,0.005404,0.005404,0.004738,0.004974,2669,1351430
Apr 27 2017,0.005507,0.006154,0.004532,0.005404,28094,1377410
Apr 26 2017,0.003538,0.005508,0.003418,0.005507,19722,884812
Apr 25 2017,0.003373,0.003657,0.003268,0.003537,2252,843703
Apr 24 2017,0.003018,0.003429,0.003018,0.003374,1973,754692
Apr 23 2017,0.002827,0.003414,0.002816,0.003016,1545,706998
Apr 22 2017,0.003170,0.003310,0.002676,0.002828,3901,792805
Apr 21 2017,0.002579,0.003170,0.002442,0.003170,5934,645018
Apr 20 2017,0.003148,0.003150,0.002185,0.002579,4809,787276
Apr 19 2017,0.003273,0.003632,0.003033,0.003145,3394,818481
Apr 18 2017,0.002857,0.003636,0.002759,0.003273,15871,714566
Apr 17 2017,0.003183,0.003183,0.002702,0.002857,1954,796052
Apr 16 2017,0.002789,0.003192,0.002362,0.003183,5922,697449
Apr 15 2017,0.002794,0.002828,0.002376,0.002801,1186,698697
Apr 14 2017,0.002114,0.002809,0.002087,0.002792,2241,528654
Apr 13 2017,0.002046,0.002600,0.002046,0.002113,188,511657
Apr 12 2017,0.002529,0.002770,0.002038,0.002047,1124,632416
Apr 11 2017,0.002228,0.002535,0.002130,0.002530,542,557300
Apr 10 2017,0.002343,0.002486,0.002023,0.002227,1152,585952
Apr 09 2017,0.002365,0.002587,0.002225,0.002343,274,591544
Apr 08 2017,0.002235,0.002622,0.002135,0.002365,315,558878
Apr 07 2017,0.002535,0.002704,0.002016,0.002233,919,633934
Apr 06 2017,0.002569,0.002865,0.002083,0.002536,552,642405
Apr 05 2017,0.002383,0.002894,0.002383,0.002572,302,596013
Apr 04 2017,0.002297,0.002979,0.002208,0.002600,288,574502
Apr 03 2017,0.003114,0.003967,0.002281,0.002297,3238,778702
Apr 02 2017,0.002161,0.003326,0.002032,0.003113,11612,540468
Apr 01 2017,0.001930,0.002351,0.001815,0.002161,1316,482658
Mar 31 2017,0.001856,0.002183,0.001739,0.001929,6339,464105
Mar 30 2017,0.001475,0.001872,0.001467,0.001855,575,368957
Mar 29 2017,0.001470,0.001573,0.001368,0.001475,882,367706
Mar 28 2017,0.001537,0.001576,0.001439,0.001470,80,384403
Mar 27 2017,0.001526,0.001645,0.001481,0.001538,446,381639
Mar 26 2017,0.001651,0.001759,0.001460,0.001523,1272,412922
Mar 25 2017,0.001405,0.001656,0.001264,0.001654,1773,351289
Mar 24 2017,0.001246,0.001427,0.001181,0.001308,1215,311703
Mar 23 2017,0.001259,0.001270,0.001138,0.001246,121,314907
Mar 22 2017,0.001243,0.001333,0.001127,0.001259,583,310871
Mar 21 2017,0.001262,0.001312,0.001191,0.001242,196,315633
Mar 20 2017,0.001245,0.001275,0.001148,0.001261,14,311293
Mar 19 2017,0.001071,0.001284,0.000991,0.001246,767,267931
Mar 18 2017,0.001319,0.001336,0.001053,0.001071,731,329953
Mar 17 2017,0.001069,0.001333,0.001012,0.001318,554,267396
Mar 16 2017,0.001248,0.001370,0.001061,0.001070,465,312129
Mar 15 2017,0.001488,0.001497,0.001243,0.001248,38,372088
Mar 14 2017,0.001355,0.001493,0.001221,0.001488,736,338799
Mar 13 2017,0.000980,0.001463,0.000979,0.001354,3129,245132
Mar 12 2017,0.000942,0.001180,0.000941,0.000980,981,235497
Mar 11 2017,0.001008,0.001075,0.000932,0.000941,255,251999
Mar 10 2017,0.001208,0.001275,0.000973,0.001007,155,302067
Mar 09 2017,0.001128,0.001290,0.001077,0.001208,13,281999
Mar 08 2017,0.001128,0.001217,0.001086,0.001129,12,282179
Mar 07 2017,0.001185,0.001197,0.001126,0.001128,15,296282
Mar 06 2017,0.001155,0.001193,0.001039,0.001183,28,288812
Mar 05 2017,0.001157,0.001172,0.001119,0.001155,3,289244
Mar 04 2017,0.001248,0.001251,0.001079,0.001157,113,312181
Mar 03 2017,0.001129,0.001248,0.001129,0.001248,14,282339
Mar 02 2017,0.001308,0.001416,0.001113,0.001129,247,327055
Mar 01 2017,0.001437,0.001487,0.001288,0.001307,141,359325
Feb 28 2017,0.001407,0.001486,0.001195,0.001436,1744,351785
Feb 27 2017,0.001362,0.001477,0.001359,0.001405,361,340533
Feb 26 2017,0.001255,0.001436,0.001187,0.001362,98,313809
Feb 25 2017,0.001293,0.001294,0.001235,0.001254,64,323416
Feb 24 2017,0.001517,0.001560,0.001282,0.001293,64,379331
Feb 23 2017,0.001240,0.001530,0.001240,0.001527,1755,310243
Feb 22 2017,0.001335,0.001335,0.000996,0.001241,118,333800
Feb 21 2017,0.001262,0.001337,0.001255,0.001335,4,315633
Feb 20 2017,0.001377,0.001389,0.001241,0.001263,4,344494
Feb 19 2017,0.001235,0.001379,0.001234,0.001377,9,308907
Feb 18 2017,0.001352,0.001359,0.001158,0.001236,27,338024
Feb 17 2017,0.001326,0.001355,0.001047,0.001353,636,331584
Feb 16 2017,0.001236,0.001326,0.001146,0.001326,175,309087
Feb 15 2017,0.001209,0.001360,0.001142,0.001236,299,302435
Feb 14 2017,0.001190,0.001292,0.001104,0.001209,144,297590
Feb 13 2017,0.001201,0.001301,0.001092,0.001190,164,300466
Feb 12 2017,0.001306,0.001306,0.001196,0.001201,41,326572
Feb 11 2017,0.001294,0.001311,0.001000,0.001305,1480,323668
Feb 10 2017,0.001289,0.001341,0.001229,0.001296,147,322395
Feb 09 2017,0.001489,0.001507,0.001153,0.001287,630,372368
Feb 08 2017,0.001486,0.001599,0.001455,0.001489,77,371748
Feb 07 2017,0.001454,0.001487,0.001454,0.001486,192,363582
Feb 06 2017,0.001540,0.001566,0.001449,0.001453,372,385083
Feb 05 2017,0.001564,0.001567,0.001458,0.001541,281,391183
Feb 04 2017,0.001537,0.001644,0.001433,0.001564,739,384388
Feb 03 2017,0.001854,0.001876,0.001518,0.001535,415,463765
Feb 02 2017,0.001627,0.001994,0.001507,0.001853,36,406969
Feb 01 2017,0.001314,0.001629,0.001314,0.001629,14,328753
Jan 31 2017,0.001649,0.001654,0.001262,0.001315,17,412412
Jan 30 2017,0.001470,0.001658,0.001470,0.001650,174,367741
Jan 29 2017,0.001619,0.001704,0.001470,0.001470,186,404866
Jan 28 2017,0.001561,0.001667,0.001557,0.001619,35,390530
Jan 27 2017,0.001566,0.001575,0.001551,0.001562,96,391678
Jan 26 2017,0.001442,0.001567,0.001438,0.001566,158,360563
Jan 25 2017,0.001414,0.001533,0.001412,0.001441,166,353693
Jan 24 2017,0.001487,0.001492,0.001413,0.001413,12,371918
Jan 23 2017,0.001539,0.001540,0.001467,0.001488,19,384921
Jan 22 2017,0.001566,0.001593,0.001492,0.001537,423,391701
Jan 21 2017,0.001477,0.001573,0.001477,0.001566,377,369432
Jan 20 2017,0.001616,0.001616,0.001476,0.001477,37,404233
Jan 19 2017,0.001506,0.001699,0.001506,0.001617,1435,376570
Jan 18 2017,0.001630,0.001647,0.001360,0.001500,522,407732
Jan 17 2017,0.001199,0.001635,0.001181,0.001629,377,299819
Jan 16 2017,0.001478,0.001481,0.001196,0.001198,20,369697
Jan 15 2017,0.001470,0.001479,0.001370,0.001478,677,367524
Jan 14 2017,0.001478,0.001580,0.001459,0.001470,323,369539
Jan 13 2017,0.001452,0.001487,0.001421,0.001476,184,363057
Jan 12 2017,0.001553,0.001557,0.001360,0.001453,35,388292
Jan 11 2017,0.001775,0.001806,0.001374,0.001553,2845,443907
Jan 10 2017,0.001815,0.002254,0.001646,0.001775,1179,453963
Jan 09 2017,0.001825,0.001903,0.001754,0.001816,88,456464
Jan 08 2017,0.002269,0.002280,0.001629,0.001823,181,567497
Jan 07 2017,0.001844,0.002277,0.001643,0.002277,56,461289
Jan 06 2017,0.001962,0.017847,0.001757,0.001842,1354,490786
Jan 05 2017,0.001973,0.002101,0.001666,0.001959,19,493489
Jan 04 2017,0.002490,0.002492,0.001627,0.001962,121,622699
Jan 03 2017,0.002108,0.003003,0.002108,0.002490,89,527153
Jan 02 2017,0.002381,0.002979,0.001628,0.002108,225,595608
Jan 01 2017,0.002848,0.003134,0.002204,0.002373,6,712245
Dec 31 2016,0.002920,0.003145,0.002709,0.002853,61,730350
Dec 30 2016,0.003458,0.003458,0.002917,0.003145,237,864814
Dec 29 2016,0.003599,0.003747,0.003457,0.003458,856,900151
Dec 28 2016,0.003588,0.003735,0.003446,0.003599,1809,897348
Dec 27 2016,0.003735,0.003735,0.003433,0.003588,683,934232
Dec 26 2016,0.003565,0.003736,0.003433,0.003735,722,891525
Dec 25 2016,0.003669,0.003701,0.003389,0.003565,1356,917498
Dec 24 2016,0.003733,0.003879,0.003666,0.003668,1848,933580
Dec 23 2016,0.003598,0.003880,0.003575,0.003733,934,899954
Dec 22 2016,0.003547,0.003743,0.003425,0.003598,1793,887068
Dec 21 2016,0.003303,0.003546,0.003303,0.003546,111,826156
Dec 20 2016,0.003262,0.003444,0.003261,0.003303,1540,815890
Dec 19 2016,0.003408,0.003679,0.003239,0.003262,77,852379
Dec 18 2016,0.003399,0.003584,0.003378,0.003408,592,850174
Dec 17 2016,0.003524,0.003566,0.003399,0.003399,22,881289
Dec 16 2016,0.003597,0.003740,0.003229,0.003523,145,899668
Dec 15 2016,0.003760,0.003760,0.003460,0.003596,752,940392
Dec 14 2016,0.003530,0.003761,0.003521,0.003760,1012,882807
Dec 13 2016,0.003607,0.003609,0.003504,0.003531,237,902012
Dec 12 2016,0.003747,0.003747,0.003602,0.003608,757,937164
Dec 11 2016,0.003863,0.003864,0.003349,0.003748,548,966203
Dec 10 2016,0.003584,0.003871,0.003583,0.003863,251,896317
Dec 09 2016,0.003632,0.003905,0.003480,0.003583,375,908404
Dec 08 2016,0.003754,0.003922,0.003633,0.003633,22225,938977
Dec 07 2016,0.003357,0.003897,0.003357,0.003754,1388,839502
Dec 06 2016,0.003631,0.003905,0.003336,0.003354,2756,908004
Dec 05 2016,0.003762,0.003772,0.003620,0.003631,2671,940895
Dec 04 2016,0.003737,0.003902,0.003613,0.003760,650,934738
Dec 03 2016,0.003677,0.003765,0.003633,0.003737,454,919499
Dec 02 2016,0.003547,0.003865,0.003547,0.003676,446,887221
Dec 01 2016,0.003797,0.003825,0.003492,0.003548,70,949684
Nov 30 2016,0.003746,0.003889,0.003733,0.003798,181,936783
Nov 29 2016,0.003557,0.004022,0.003352,0.003746,1111,889627
Nov 28 2016,0.003747,0.003896,0.003558,0.003558,138,937086
Nov 27 2016,0.003674,0.003848,0.003664,0.003747,1034,918906
Nov 26 2016,0.003849,0.003985,0.003674,0.003674,303,962631
Nov 25 2016,0.003601,0.003850,0.003205,0.003848,80,900686
Nov 24 2016,0.003777,0.003847,0.003192,0.003606,25,944604
Nov 23 2016,0.003698,0.004037,0.003608,0.003779,413,924944
Nov 22 2016,0.003981,0.003981,0.002834,0.003698,150,995622
Nov 21 2016,0.004204,0.004208,0.003978,0.003981,622,1051310
Nov 20 2016,0.004205,0.004314,0.004111,0.004204,389,1051720
Nov 19 2016,0.004209,0.004209,0.004135,0.004205,1210,1052630
Nov 18 2016,0.004181,0.004492,0.004060,0.004210,4259,1045650
Nov 17 2016,0.004091,0.004183,0.003881,0.004181,1203,1023150
Nov 16 2016,0.003770,0.004218,0.003770,0.004070,6134,942896
Nov 15 2016,0.003924,0.004047,0.003708,0.003770,1429,981472
Nov 14 2016,0.003921,0.003940,0.003781,0.003924,427,980634
Nov 13 2016,0.003960,0.003962,0.003814,0.003921,448,990498
Nov 12 2016,0.003947,0.004108,0.003812,0.003960,16462,987134
Nov 11 2016,0.003916,0.004246,0.003723,0.003948,1041,979328
Nov 10 2016,0.004116,0.004116,0.003816,0.003914,161,1029510
Nov 09 2016,0.003577,0.004118,0.003565,0.004118,7582,894526
Nov 08 2016,0.003810,0.003812,0.003249,0.003577,316,952952
Nov 07 2016,0.003982,0.003983,0.003807,0.003811,509,995782
Nov 06 2016,0.003867,0.004136,0.003831,0.003983,1227,967118
Nov 05 2016,0.003985,0.004074,0.003782,0.003867,223,996530
Nov 04 2016,0.003937,0.003990,0.003928,0.003984,328,984683
Nov 03 2016,0.003986,0.004103,0.003625,0.003936,536,996865
Nov 02 2016,0.004288,0.004288,0.003980,0.003986,1100,1072480
Nov 01 2016,0.003920,0.004289,0.003834,0.004288,3031,980301
Oct 31 2016,0.004128,0.004130,0.003374,0.003920,577,1032450
Oct 30 2016,0.004011,0.004240,0.003989,0.004114,348,1003180
Oct 29 2016,0.003978,0.004273,0.003978,0.004011,175,994880
Oct 28 2016,0.003836,0.004271,0.003836,0.003977,313,959410
Oct 27 2016,0.004086,0.004385,0.003836,0.003836,1199,1021870
Oct 26 2016,0.004233,0.004262,0.004079,0.004086,417,1058680
Oct 25 2016,0.004280,0.004280,0.004233,0.004233,84,1070310
Oct 24 2016,0.004284,0.004431,0.004134,0.004279,2914,1071440
Oct 23 2016,0.004244,0.004284,0.004112,0.004284,1852,1061320
Oct 22 2016,0.004030,0.004292,0.004027,0.004275,923,1007790
Oct 21 2016,0.004128,0.004232,0.004006,0.004029,2038,1032300
Oct 20 2016,0.003859,0.004530,0.003859,0.004128,1732,965198
Oct 19 2016,0.004153,0.004155,0.003859,0.003859,3425,1038670
Oct 18 2016,0.004145,0.004301,0.003995,0.004153,1634,1036720
Oct 17 2016,0.004003,0.004149,0.003851,0.004145,1436,1001070
Oct 16 2016,0.003788,0.004151,0.003777,0.004003,2468,947325
Oct 15 2016,0.004003,0.004006,0.003788,0.003788,250,1001260
Oct 14 2016,0.003795,0.004150,0.003787,0.004004,3697,949231
Oct 13 2016,0.004008,0.004008,0.003687,0.003795,1889,1002530
Oct 12 2016,0.003956,0.004220,0.003759,0.003996,6860,989317
Oct 11 2016,0.003714,0.004018,0.003583,0.003888,3352,928998
Oct 10 2016,0.003799,0.003799,0.003624,0.003714,52,950074
Oct 09 2016,0.003900,0.003919,0.003763,0.003800,202,975387
Oct 08 2016,0.003909,0.004042,0.003767,0.003903,897,977660
Oct 07 2016,0.004021,0.004044,0.003879,0.003909,220,1005660
Oct 06 2016,0.003817,0.004025,0.003595,0.004025,740,954633
Oct 05 2016,0.003825,0.003837,0.003703,0.003817,435,956629
Oct 04 2016,0.003897,0.003897,0.003739,0.003826,1891,974526
Oct 03 2016,0.003946,0.003970,0.003692,0.003898,4104,986836
Oct 02 2016,0.003896,0.004044,0.003806,0.003940,69,974331
Oct 01 2016,0.003890,0.004183,0.003890,0.003896,764,972998
Sep 30 2016,0.004177,0.004179,0.003888,0.003890,329,1044560
Sep 29 2016,0.003880,0.004180,0.003880,0.004178,482,970497
Sep 28 2016,0.003894,0.004041,0.003877,0.003880,150,973871
Sep 27 2016,0.004035,0.004039,0.003885,0.003894,749,1009090
Sep 26 2016,0.004042,0.004194,0.003890,0.004035,2142,1010860
Sep 25 2016,0.004042,0.004166,0.003974,0.004039,762,1010880
Sep 24 2016,0.004050,0.004196,0.004042,0.004042,649,1012860
Sep 23 2016,0.004032,0.004322,0.004028,0.004050,1699,1008450
Sep 22 2016,0.004039,0.004318,0.003983,0.004032,1413,1010130
Sep 21 2016,0.004192,0.004341,0.004039,0.004039,1621,1048530
Sep 20 2016,0.004323,0.004323,0.004044,0.004193,4440,1081180
Sep 19 2016,0.004194,0.004345,0.004194,0.004323,165,1048980
Sep 18 2016,0.004345,0.004492,0.004192,0.004195,1227,1086660
Sep 17 2016,0.004194,0.004496,0.004194,0.004345,1510,1048820
Sep 16 2016,0.004175,0.004485,0.004076,0.004193,1998,1044250
Sep 15 2016,0.004290,0.004290,0.003783,0.004061,707,1072890
Sep 14 2016,0.004245,0.004465,0.004153,0.004289,316,1061750
Sep 13 2016,0.004164,0.004301,0.003661,0.004244,174,1041340
Sep 12 2016,0.004307,0.004316,0.004143,0.004163,435,1077260
Sep 11 2016,0.004338,0.004633,0.004309,0.004311,1280,1084950
Sep 10 2016,0.004630,0.004637,0.004338,0.004338,1690,1158080
Sep 09 2016,0.004647,0.004648,0.004047,0.004620,2241,1162340
Sep 08 2016,0.004197,0.004649,0.004049,0.004648,3223,1049600
Sep 07 2016,0.003824,0.004347,0.003824,0.004197,4711,956439
Sep 06 2016,0.004023,0.004153,0.003824,0.003824,474,1006080
Sep 05 2016,0.004166,0.004199,0.003883,0.004022,1075,1042000
Sep 04 2016,0.003892,0.004192,0.003887,0.004166,711,973386
Sep 03 2016,0.004182,0.004630,0.003889,0.003892,2299,1046000
Sep 02 2016,0.004041,0.004197,0.004039,0.004183,2341,1010600
Sep 01 2016,0.003992,0.004149,0.003920,0.004038,519,998338
Aug 31 2016,0.004340,0.004340,0.003992,0.003992,1403,1085320
Aug 30 2016,0.004108,0.004340,0.003982,0.004340,4823,1027450
Aug 29 2016,0.003739,0.004171,0.003725,0.004109,1125,935183
Aug 28 2016,0.004045,0.004045,0.003730,0.003741,128,1011620
Aug 27 2016,0.004002,0.004157,0.003888,0.004045,745,1000980
Aug 26 2016,0.003823,0.004003,0.003482,0.004003,103,956119
Aug 25 2016,0.003950,0.003971,0.003537,0.003823,709,987992
Aug 24 2016,0.004058,0.004058,0.003332,0.003950,6868,1014970
Aug 23 2016,0.004060,0.004359,0.004055,0.004058,4930,1015510
Aug 22 2016,0.003921,0.004218,0.003900,0.004060,2515,980601
Aug 21 2016,0.004208,0.004209,0.003910,0.003910,1024,1052470
Aug 20 2016,0.004174,0.004460,0.003758,0.004208,5621,1044000
Aug 19 2016,0.004221,0.004373,0.004063,0.004124,1836,1055750
Aug 18 2016,0.004368,0.004368,0.004068,0.004221,2154,1092470
Aug 17 2016,0.004222,0.004371,0.004068,0.004368,4243,1056010
Aug 16 2016,0.004172,0.004369,0.004026,0.004223,3295,1043330
Aug 15 2016,0.004197,0.004214,0.004022,0.004172,1901,1049670
Aug 14 2016,0.004216,0.004360,0.004200,0.004201,470,1054360
Aug 13 2016,0.004217,0.004367,0.004067,0.004216,1800,1054590
Aug 12 2016,0.004368,0.004369,0.004061,0.004217,3006,1092530
Aug 11 2016,0.004516,0.004517,0.004215,0.004368,1101,1129570
Aug 10 2016,0.004204,0.004516,0.004181,0.004516,4035,1051300
Aug 09 2016,0.004316,0.004356,0.004194,0.004203,5585,1079450
Aug 08 2016,0.003874,0.004342,0.003873,0.004316,2863,968839
Aug 07 2016,0.004313,0.004451,0.003877,0.003877,49,1078570
Aug 06 2016,0.004359,0.004398,0.004084,0.004313,1711,1090300
Aug 05 2016,0.003916,0.004517,0.003913,0.004357,2852,979436
Aug 04 2016,0.004061,0.004219,0.003916,0.003916,3492,1015780
Aug 03 2016,0.003772,0.004073,0.003762,0.004062,2434,943409
Aug 02 2016,0.004213,0.004218,0.003771,0.003771,6921,1053590
Aug 01 2016,0.004216,0.004373,0.004073,0.004213,2545,1054510
Jul 31 2016,0.004443,0.004516,0.004215,0.004217,7406,1111100
Jul 30 2016,0.004632,0.004632,0.004442,0.004442,184,1158360
Jul 29 2016,0.004654,0.004654,0.004367,0.004632,1357,1164070
Jul 28 2016,0.004645,0.004655,0.004501,0.004655,5027,1161610
Jul 27 2016,0.004495,0.004797,0.004345,0.004645,3851,1124230
Jul 26 2016,0.004788,0.004931,0.004493,0.004494,7167,1197400
Jul 25 2016,0.005080,0.005082,0.004784,0.004787,4356,1270490
Jul 24 2016,0.005091,0.005241,0.004918,0.004935,4902,1273340
Jul 23 2016,0.005084,0.005232,0.004790,0.005091,6640,1271570
Jul 22 2016,0.005236,0.005246,0.005077,0.005084,5313,1309560
Jul 21 2016,0.005377,0.005385,0.005080,0.005237,5354,1344840
Jul 20 2016,0.005377,0.005526,0.005084,0.005376,9331,1344680
Jul 19 2016,0.005223,0.005527,0.005220,0.005376,4455,1306360
Jul 18 2016,0.005387,0.005535,0.005223,0.005224,2564,1347260
Jul 17 2016,0.005382,0.005679,0.005233,0.005382,9799,1346120
Jul 16 2016,0.005530,0.005530,0.005231,0.005382,3993,1383060
Jul 15 2016,0.005386,0.005536,0.005385,0.005530,5810,1347070
Jul 14 2016,0.005532,0.005679,0.005383,0.005385,8060,1383490
Jul 13 2016,0.005527,0.005828,0.005524,0.005532,11930,1382240
Jul 12 2016,0.005526,0.005827,0.005226,0.005678,11393,1382100
Jul 11 2016,0.005223,0.005679,0.005218,0.005526,32913,1306220
Jul 10 2016,0.005083,0.005382,0.004930,0.005223,8157,1271340
Jul 09 2016,0.005083,0.005382,0.004932,0.005084,8641,1271350
Jul 08 2016,0.004757,0.005360,0.004757,0.005232,30224,1189670
Jul 07 2016,0.005682,0.005682,0.004610,0.004757,23549,1421070
Jul 06 2016,0.005242,0.005683,0.005230,0.005681,18007,1310920
Jul 05 2016,0.005552,0.006150,0.005241,0.005241,23548,1388520
Jul 04 2016,0.004959,0.005701,0.004959,0.005701,15999,1240280
Jul 03 2016,0.005553,0.005703,0.004958,0.004958,13990,1388900
Jul 02 2016,0.005561,0.005709,0.005402,0.005553,7332,1390730
Jul 01 2016,0.005709,0.005711,0.005260,0.005409,14410,1427920
Jun 30 2016,0.005121,0.006466,0.005121,0.005561,51757,1280690
Jun 29 2016,0.005552,0.005552,0.004959,0.005122,20668,1388510
Jun 28 2016,0.005266,0.005862,0.005115,0.005551,32588,1316990
Jun 27 2016,0.005299,0.005305,0.004960,0.004966,4410,1325250
Jun 26 2016,0.004990,0.005740,0.004689,0.005291,23934,1248000
Jun 25 2016,0.004843,0.005448,0.004687,0.004989,7517,1211340
Jun 24 2016,0.004862,0.005318,0.004680,0.004832,6303,1215980
Jun 23 2016,0.004410,0.005016,0.004260,0.004864,10797,1102940
Jun 22 2016,0.004999,0.005596,0.004408,0.004409,17171,1250190
Jun 21 2016,0.005484,0.006811,0.004706,0.005006,38761,1371560
Jun 20 2016,0.006081,0.006100,0.005321,0.005337,31490,1520900
Jun 19 2016,0.005919,0.006075,0.005166,0.006074,33092,1480240
Jun 18 2016,0.005314,0.006224,0.005313,0.005919,14501,1329150
Jun 17 2016,0.004811,0.005911,0.004811,0.005310,27581,1203350
Jun 16 2016,0.004858,0.005127,0.004553,0.004803,5924,1215120
Jun 15 2016,0.004398,0.005008,0.004398,0.004859,9603,1099900
Jun 14 2016,0.004257,0.005004,0.004257,0.004398,16889,1064730
Jun 13 2016,0.004391,0.004705,0.004253,0.004257,12053,1098150
Jun 12 2016,0.003957,0.004545,0.003943,0.004391,8919,989530
Jun 11 2016,0.003953,0.004104,0.003952,0.003956,794,988712
Jun 10 2016,0.003948,0.004092,0.003896,0.003954,1096,987374
Jun 09 2016,0.003959,0.004112,0.003800,0.003948,967,990175
Jun 08 2016,0.003956,0.003960,0.003804,0.003960,1127,989432
Jun 07 2016,0.003656,0.004112,0.003656,0.003956,3544,914302
Jun 06 2016,0.004260,0.004369,0.003655,0.003655,1514,1065520
Jun 05 2016,0.004159,0.004339,0.004159,0.004261,208,1040180
Jun 04 2016,0.004248,0.004254,0.004062,0.004159,1769,1062490
Jun 03 2016,0.003967,0.004253,0.003967,0.004248,2052,992141
Jun 02 2016,0.004093,0.004228,0.003966,0.003967,1168,1023790
Jun 01 2016,0.004084,0.004246,0.003931,0.004094,3379,1021460
May 31 2016,0.004089,0.004386,0.004074,0.004084,4318,1022620
May 30 2016,0.004111,0.004710,0.004090,0.004090,4148,1028090
May 29 2016,0.004259,0.004871,0.003959,0.004111,16237,1065300
May 28 2016,0.003947,0.004260,0.003802,0.004260,6717,987056
May 27 2016,0.003795,0.004101,0.003793,0.003947,2461,949121
May 26 2016,0.003656,0.003962,0.003656,0.003795,1235,914347
May 25 2016,0.003956,0.003961,0.003656,0.003656,1001,989502
May 24 2016,0.003654,0.003960,0.003654,0.003957,1328,913822
May 23 2016,0.003815,0.003818,0.003511,0.003654,1296,954093
May 22 2016,0.003291,0.003816,0.003288,0.003815,333,823049
May 21 2016,0.003659,0.003661,0.003181,0.003291,443,915084
May 20 2016,0.003844,0.003945,0.003657,0.003657,730,961350
May 19 2016,0.003661,0.003853,0.003454,0.003844,1055,915594
May 18 2016,0.003669,0.003971,0.003501,0.003661,698,917553
May 17 2016,0.003766,0.003814,0.003663,0.003669,1741,941745
May 16 2016,0.003817,0.003969,0.003760,0.003766,224,954537
May 15 2016,0.003826,0.003976,0.003815,0.003817,316,956746
May 14 2016,0.004135,0.004135,0.003677,0.003826,1393,1034080
May 13 2016,0.004143,0.004143,0.003371,0.004135,5126,1036090
May 12 2016,0.004269,0.004269,0.004137,0.004143,2416,1067540
May 11 2016,0.004003,0.004278,0.004003,0.004270,1516,1001110
May 10 2016,0.004090,0.004208,0.003985,0.004005,160,1022620
May 09 2016,0.004304,0.004305,0.004058,0.004090,291,1076350
May 08 2016,0.004303,0.004306,0.004149,0.004306,1481,1075910
May 07 2016,0.004602,0.004606,0.004151,0.004303,2165,1150790
May 06 2016,0.004033,0.004603,0.004015,0.004601,2274,1008480
May 05 2016,0.004271,0.004441,0.004028,0.004033,1519,1067860
May 04 2016,0.004167,0.004271,0.004054,0.004271,142,1042010
May 03 2016,0.004131,0.004307,0.004131,0.004167,557,1032950
May 02 2016,0.004116,0.004412,0.004116,0.004131,224,1029230
May 01 2016,0.004211,0.004276,0.004076,0.004115,548,1052810
Apr 30 2016,0.004451,0.004618,0.004211,0.004211,636,1112860
Apr 29 2016,0.004467,0.004622,0.004385,0.004452,1478,1116750
Apr 28 2016,0.004610,0.004628,0.004459,0.004467,4458,1152640
Apr 27 2016,0.004325,0.004610,0.004305,0.004610,4781,1081450
Apr 26 2016,0.004441,0.004467,0.004147,0.004324,2554,1110250
Apr 25 2016,0.004430,0.004463,0.004141,0.004441,2827,1107570
Apr 24 2016,0.004305,0.004438,0.004282,0.004429,804,1076260
Apr 23 2016,0.004614,0.004615,0.004147,0.004305,1311,1153570
Apr 22 2016,0.004319,0.004775,0.004010,0.004614,9639,1079740
Apr 21 2016,0.004017,0.004481,0.004017,0.004318,7424,1004350
Apr 20 2016,0.004165,0.004174,0.004013,0.004017,3786,1041210
Apr 19 2016,0.004166,0.004166,0.003858,0.004166,986,1041560
Apr 18 2016,0.004005,0.004169,0.003701,0.004166,5573,1001310
Apr 17 2016,0.003986,0.004005,0.003849,0.004005,502,996398
Apr 16 2016,0.004117,0.004145,0.003836,0.003986,1186,1029250
Apr 15 2016,0.004161,0.004161,0.003990,0.004118,2566,1040190
Apr 14 2016,0.004014,0.004161,0.003701,0.004161,6447,1003310
Apr 13 2016,0.004136,0.004310,0.003855,0.004013,4600,1033980
Apr 12 2016,0.003729,0.004139,0.003714,0.004136,5390,932251
Apr 11 2016,0.003867,0.004022,0.003558,0.003730,2229,966666
Apr 10 2016,0.003712,0.004022,0.003712,0.003867,7681,927810
Apr 09 2016,0.004178,0.004330,0.003557,0.003712,5214,1044250
Apr 08 2016,0.004057,0.004331,0.004057,0.004178,3865,1014210
Apr 07 2016,0.004140,0.004170,0.004057,0.004057,486,1034890
Apr 06 2016,0.004324,0.004475,0.004136,0.004140,1596,1080850
Apr 05 2016,0.004318,0.004475,0.004162,0.004324,1745,1079410
Apr 04 2016,0.004253,0.004473,0.004217,0.004318,2250,1063120
Apr 03 2016,0.004482,0.004619,0.004098,0.004253,1363,1120370
Apr 02 2016,0.004328,0.004485,0.004328,0.004482,1094,1081790
Apr 01 2016,0.004660,0.004665,0.004190,0.004329,5388,1164680
Mar 31 2016,0.004481,0.004660,0.004481,0.004660,3506,1120060
Mar 30 2016,0.004611,0.004627,0.004455,0.004480,3974,1152350
Mar 29 2016,0.004622,0.004763,0.004457,0.004612,8335,1155230
Mar 28 2016,0.004586,0.004900,0.004570,0.004630,8354,1146080
Mar 27 2016,0.004760,0.004760,0.004441,0.004589,2468,1189580
Mar 26 2016,0.004745,0.004760,0.004453,0.004760,4574,1185790
Mar 25 2016,0.004755,0.004758,0.004602,0.004746,619,1188350
Mar 24 2016,0.004881,0.004881,0.004577,0.004741,2336,1219770
Mar 23 2016,0.004923,0.004927,0.004543,0.004882,1033,1230370
Mar 22 2016,0.004543,0.004929,0.004422,0.004925,3101,1135220
Mar 21 2016,0.004494,0.004794,0.004494,0.004543,1256,1122020
Mar 20 2016,0.004944,0.004944,0.004492,0.004493,5857,1234440
Mar 19 2016,0.004480,0.004944,0.004325,0.004944,8584,1118430
Mar 18 2016,0.004761,0.004788,0.004322,0.004479,9822,1188730
Mar 17 2016,0.004919,0.004919,0.004611,0.004765,10778,1228110
Mar 16 2016,0.004761,0.004908,0.004601,0.004908,15713,1188620
Mar 15 2016,0.004777,0.004931,0.004606,0.004761,9171,1192710
Mar 14 2016,0.005083,0.005083,0.004635,0.004777,10130,1269150
Mar 13 2016,0.005092,0.005093,0.004773,0.005081,11423,1271410
Mar 12 2016,0.005232,0.005234,0.004770,0.005093,6867,1306190
Mar 11 2016,0.005068,0.005689,0.005068,0.005232,18898,1265370
Mar 10 2016,0.004755,0.005529,0.004755,0.005529,45590,1187220
Mar 09 2016,0.004455,0.004916,0.004303,0.004755,20227,1112310
Mar 08 2016,0.004602,0.004608,0.004301,0.004455,9574,1148940
Mar 07 2016,0.004603,0.004757,0.004296,0.004601,10381,1149300
Mar 06 2016,0.004600,0.004607,0.004146,0.004607,13284,1148340
Mar 05 2016,0.004602,0.004766,0.004448,0.004600,10446,1148840
Mar 04 2016,0.004747,0.004904,0.004444,0.004603,6340,1185080
Mar 03 2016,0.004731,0.005049,0.004579,0.004743,9103,1181180
Mar 02 2016,0.004885,0.005038,0.004578,0.004732,9517,1219570
Mar 01 2016,0.005188,0.005338,0.004736,0.004884,7429,1295200
Feb 29 2016,0.005351,0.005505,0.005182,0.005187,14584,1336000
Feb 28 2016,0.004895,0.005351,0.004436,0.005351,15528,1222080
Feb 27 2016,0.005353,0.005656,0.004895,0.004895,25962,1336340
Feb 26 2016,0.005790,0.005792,0.005044,0.005353,7489,1445640
Feb 25 2016,0.005667,0.006122,0.005506,0.005791,7465,1414790
Feb 24 2016,0.005974,0.006126,0.005207,0.005662,11172,1491410
Feb 23 2016,0.006436,0.006436,0.005820,0.005974,15542,1606910
Feb 22 2016,0.006436,0.006893,0.006132,0.006436,16927,1606750
Feb 21 2016,0.006596,0.007049,0.006290,0.006437,15972,1646670
Feb 20 2016,0.006747,0.007054,0.006592,0.006596,12828,1684520
Feb 19 2016,0.006594,0.007207,0.006593,0.006748,14054,1646390
Feb 18 2016,0.007197,0.007197,0.006280,0.006594,15695,1796880
Feb 17 2016,0.007374,0.007959,0.006281,0.007198,31986,1840930
Feb 16 2016,0.007527,0.007679,0.006764,0.007375,22024,1879350
Feb 15 2016,0.007317,0.007771,0.007023,0.007528,22947,1826850
Feb 14 2016,0.006856,0.008067,0.006848,0.007612,70854,1711750
Feb 13 2016,0.006549,0.007159,0.006094,0.006856,35507,1635050
Feb 12 2016,0.006233,0.006740,0.006080,0.006586,19010,1556140
Feb 11 2016,0.006689,0.006691,0.005932,0.006233,6887,1670100
Feb 10 2016,0.006377,0.006689,0.006184,0.006689,5608,1592100
Feb 09 2016,0.006186,0.006508,0.006030,0.006360,7179,1544500
Feb 08 2016,0.006082,0.006391,0.005930,0.006037,3765,1518500
Feb 07 2016,0.005477,0.006844,0.005477,0.006084,30003,1367390
Feb 06 2016,0.005777,0.005932,0.005323,0.005477,16093,1442310
Feb 05 2016,0.005327,0.006381,0.005174,0.005776,20427,1330010
Feb 04 2016,0.005020,0.005326,0.004864,0.005326,8251,1253230
Feb 03 2016,0.005154,0.005460,0.005007,0.005020,4866,1286860
Feb 02 2016,0.004731,0.005423,0.004728,0.005155,4807,1181210
Feb 01 2016,0.005165,0.005466,0.004713,0.004725,12219,1289610
Jan 31 2016,0.004408,0.005623,0.004257,0.005166,10707,1100520
Jan 30 2016,0.005763,0.006855,0.004558,0.005162,20410,1438930
Jan 29 2016,0.007710,0.007718,0.005041,0.005764,26788,1924840
Jan 28 2016,0.008915,0.009615,0.005711,0.007702,69942,2225810
Jan 27 2016,0.005052,0.009864,0.004361,0.008910,113495,1261400
Jan 26 2016,0.003607,0.005610,0.003606,0.005042,36576,900428
Jan 25 2016,0.003694,0.004163,0.003437,0.003602,8868,922221
Jan 24 2016,0.003114,0.004331,0.002993,0.003694,22062,777486
Jan 23 2016,0.002887,0.003357,0.002781,0.003114,7259,720712
Jan 22 2016,0.002871,0.003100,0.002781,0.002917,2997,716907
Jan 21 2016,0.003206,0.003206,0.002856,0.002872,2659,800415
Jan 20 2016,0.002874,0.003235,0.002597,0.003206,8273,717431
Jan 19 2016,0.002935,0.002935,0.002854,0.002865,737,732836
Jan 18 2016,0.003116,0.003116,0.002858,0.002934,2805,778022
Jan 17 2016,0.003130,0.003206,0.002947,0.003114,2917,781515
Jan 16 2016,0.003068,0.003250,0.002764,0.003130,8650,765851
Jan 15 2016,0.002876,0.003640,0.002752,0.003066,14386,717988
Jan 14 2016,0.003243,0.003455,0.002883,0.002891,7458,809662
Jan 13 2016,0.002603,0.003583,0.002543,0.003243,15303,649882
Jan 12 2016,0.002678,0.002844,0.002449,0.002618,6821,668479
Jan 11 2016,0.002569,0.002816,0.002569,0.002677,3031,641483
Jan 10 2016,0.002550,0.002793,0.002550,0.002568,665,636747
Jan 09 2016,0.002426,0.002974,0.002355,0.002550,9453,605599
Jan 08 2016,0.002510,0.002553,0.002407,0.002451,737,626748
Jan 07 2016,0.002369,0.002521,0.002369,0.002506,3438,591565
Jan 06 2016,0.002564,0.002637,0.002366,0.002366,3559,640168
Jan 05 2016,0.002991,0.003363,0.002564,0.002565,686,746727
Jan 04 2016,0.002594,0.002992,0.002558,0.002991,77,647707
Jan 03 2016,0.002775,0.002776,0.002594,0.002594,843,692936
Jan 02 2016,0.002581,0.002861,0.002579,0.002772,214,644441
Jan 01 2016,0.002575,0.002582,0.002538,0.002581,515,642777
Dec 31 2015,0.002682,0.002682,0.002514,0.002575,346,669569
Dec 30 2015,0.002656,0.002683,0.002498,0.002682,5760,663179
Dec 29 2015,0.002565,0.002694,0.002508,0.002656,1985,640365
Dec 28 2015,0.002546,0.002830,0.002540,0.002565,4591,635677
Dec 27 2015,0.002417,0.002567,0.002415,0.002546,1176,603320
Dec 26 2015,0.002837,0.002837,0.002392,0.002417,10670,708102
Dec 25 2015,0.002673,0.002896,0.002673,0.002834,3909,667190
Dec 24 2015,0.002475,0.002797,0.002475,0.002672,3383,617728
Dec 23 2015,0.002676,0.002730,0.002474,0.002474,5447,668025
Dec 22 2015,0.002651,0.003058,0.002607,0.002676,14799,661693
Dec 21 2015,0.002727,0.002778,0.002576,0.002648,10385,680772
Dec 20 2015,0.003165,0.003167,0.002696,0.002728,9241,790110
Dec 19 2015,0.003202,0.003408,0.003147,0.003165,9530,799200
Dec 18 2015,0.003585,0.003585,0.003145,0.003229,13538,894966
Dec 17 2015,0.003868,0.003868,0.003434,0.003584,27388,965418
Dec 16 2015,0.003401,0.004356,0.003031,0.003868,106733,848987
Dec 15 2015,0.002036,0.003527,0.002026,0.003406,124613,508245
Dec 14 2015,0.002193,0.002194,0.002036,0.002036,3160,547462
Dec 13 2015,0.002136,0.002309,0.002031,0.002194,3132,533168
Dec 12 2015,0.002244,0.002337,0.002011,0.002136,2628,560096
Dec 11 2015,0.002082,0.002317,0.002072,0.002244,4408,519523
Dec 10 2015,0.001989,0.002142,0.001964,0.002082,1459,496487
Dec 09 2015,0.002052,0.002175,0.001974,0.001987,2947,512182
Dec 08 2015,0.002023,0.002067,0.001947,0.002052,1397,505016
Dec 07 2015,0.001962,0.002063,0.001925,0.002023,532,489726
Dec 06 2015,0.002038,0.002055,0.001915,0.001965,407,508503
Dec 05 2015,0.001784,0.002052,0.001784,0.002038,2011,445232
Dec 04 2015,0.001912,0.001977,0.001754,0.001784,2033,477080
Dec 03 2015,0.001991,0.002001,0.001853,0.001912,545,496764
Dec 02 2015,0.002029,0.002141,0.001911,0.001990,2132,506260
Dec 01 2015,0.001973,0.002087,0.001850,0.002020,3449,492337
Nov 30 2015,0.001932,0.002052,0.001917,0.001973,377,482234
Nov 29 2015,0.001874,0.002028,0.001874,0.001932,461,467742
Nov 28 2015,0.001945,0.002099,0.001873,0.001874,480,485450
Nov 27 2015,0.002032,0.002153,0.001864,0.001946,812,506993
Nov 26 2015,0.002032,0.002077,0.001793,0.002033,366,506983
Nov 25 2015,0.001644,0.002096,0.001643,0.002031,2950,410218
Nov 24 2015,0.001593,0.001647,0.001398,0.001647,174,397515
Nov 23 2015,0.001626,0.001709,0.001496,0.001593,130,405736
Nov 22 2015,0.001758,0.001759,0.001601,0.001631,465,438745
Nov 21 2015,0.001814,0.001814,0.001705,0.001755,79,452478
Nov 20 2015,0.001690,0.001922,0.001690,0.001816,97,421536
Nov 19 2015,0.001723,0.001817,0.001634,0.001690,633,429970
Nov 18 2015,0.001877,0.001877,0.001649,0.001723,379,468336
Nov 17 2015,0.001718,0.001957,0.001707,0.001877,274,428669
Nov 16 2015,0.001747,0.001747,0.001692,0.001718,220,435823
Nov 15 2015,0.001789,0.001903,0.001724,0.001748,534,446449
Nov 14 2015,0.001807,0.001835,0.001756,0.001789,968,450935
Nov 13 2015,0.001767,0.001956,0.001763,0.001806,84,440824
Nov 12 2015,0.001802,0.001968,0.001723,0.001768,1513,449588
Nov 11 2015,0.001968,0.001970,0.001751,0.001801,836,491076
Nov 10 2015,0.002308,0.002308,0.001934,0.001968,851,575866
Nov 09 2015,0.002182,0.002309,0.002134,0.002309,882,544267
Nov 08 2015,0.002325,0.002405,0.002181,0.002181,311,579966
Nov 07 2015,0.002173,0.002330,0.002133,0.002325,452,542147
Nov 06 2015,0.002361,0.002361,0.002055,0.002172,1106,588900
Nov 05 2015,0.002275,0.002476,0.002157,0.002362,3863,567427
Nov 04 2015,0.002704,0.002893,0.002216,0.002274,5478,674642
Nov 03 2015,0.002337,0.002720,0.002196,0.002704,5087,583012
Nov 02 2015,0.002204,0.002353,0.001963,0.002335,494,549860
Nov 01 2015,0.002028,0.002205,0.001918,0.002201,299,505936
Oct 31 2015,0.002206,0.002254,0.002022,0.002028,356,550331
Oct 30 2015,0.001937,0.002448,0.001937,0.002206,6449,483072
Oct 29 2015,0.001875,0.002160,0.001760,0.001937,2266,467659
Oct 28 2015,0.001796,0.001875,0.001763,0.001875,344,447908
Oct 27 2015,0.001767,0.001814,0.001767,0.001796,94,440753
Oct 26 2015,0.001748,0.001893,0.001748,0.001767,494,436091
Oct 25 2015,0.001950,0.001951,0.001748,0.001748,395,486414
Oct 24 2015,0.001788,0.001951,0.001585,0.001950,72,445934
Oct 23 2015,0.001786,0.001800,0.001572,0.001788,1037,445414
Oct 22 2015,0.001749,0.001810,0.001709,0.001785,174,436124
Oct 21 2015,0.001775,0.001874,0.001748,0.001749,156,442763
Oct 20 2015,0.001757,0.001818,0.001752,0.001775,298,438253
Oct 19 2015,0.001855,0.001858,0.001755,0.001757,651,462543
Oct 18 2015,0.001828,0.001931,0.001828,0.001854,338,455936
Oct 17 2015,0.001907,0.001919,0.001824,0.001829,777,475731
Oct 16 2015,0.001751,0.001957,0.001648,0.001907,104,436614
Oct 15 2015,0.001750,0.001849,0.001734,0.001751,74,436355
Oct 14 2015,0.001719,0.001868,0.001719,0.001749,155,428738
Oct 13 2015,0.001591,0.001720,0.001584,0.001719,16,396686
Oct 12 2015,0.001835,0.001971,0.001569,0.001590,119,457727
Oct 11 2015,0.002146,0.002215,0.001748,0.001836,173,535191
Oct 10 2015,0.001837,0.002152,0.001837,0.002146,84,458242
Oct 09 2015,0.001845,0.001900,0.001719,0.001838,913,460122
Oct 08 2015,0.001767,0.001845,0.001685,0.001845,546,440558
Oct 07 2015,0.001864,0.001913,0.001766,0.001766,160,464931
Oct 06 2015,0.001859,0.001909,0.001492,0.001784,1680,463515
Oct 05 2015,0.001788,0.001858,0.001689,0.001858,1197,445957
Oct 04 2015,0.001843,0.001903,0.001784,0.001788,494,459584
Oct 03 2015,0.001841,0.001870,0.001830,0.001846,71,459143
Oct 02 2015,0.001848,0.001964,0.001841,0.001841,578,460769
Oct 01 2015,0.001899,0.002024,0.001848,0.001848,491,473540
Sep 30 2015,0.001895,0.001974,0.001806,0.001898,937,472461
Sep 29 2015,0.001963,0.001990,0.001876,0.001894,310,489448
Sep 28 2015,0.001866,0.001983,0.001863,0.001963,601,465191
Sep 27 2015,0.001835,0.001892,0.001832,0.001866,151,457456
Sep 26 2015,0.001892,0.001935,0.001824,0.001835,668,471643
Sep 25 2015,0.001902,0.001955,0.001881,0.001892,61,474310
Sep 24 2015,0.001859,0.001902,0.001751,0.001901,641,463546
Sep 23 2015,0.001839,0.001884,0.001782,0.001868,1436,458509
Sep 22 2015,0.001852,0.001883,0.001719,0.001839,2556,461829
Sep 21 2015,0.001853,0.001877,0.001743,0.001852,932,462080
Sep 20 2015,0.002003,0.002006,0.001710,0.001854,1698,499386
Sep 19 2015,0.001971,0.002004,0.001878,0.002003,321,491352
Sep 18 2015,0.001865,0.001942,0.001757,0.001942,478,464923
Sep 17 2015,0.001785,0.001885,0.001762,0.001865,277,444963
Sep 16 2015,0.001966,0.001966,0.001769,0.001785,501,490264
Sep 15 2015,0.001656,0.002003,0.001656,0.001967,1508,412896
Sep 14 2015,0.001710,0.001841,0.001656,0.001656,269,426187
Sep 13 2015,0.001682,0.001711,0.001681,0.001710,76,419201
Sep 12 2015,0.001812,0.001913,0.001681,0.001681,988,451787
Sep 11 2015,0.001909,0.002064,0.001778,0.001812,1296,475816
Sep 10 2015,0.001822,0.002111,0.001822,0.001909,1956,454184
Sep 09 2015,0.001821,0.002190,0.001774,0.001832,2867,453877
Sep 08 2015,0.001689,0.001822,0.001595,0.001821,1241,421131
Sep 07 2015,0.001716,0.001840,0.001655,0.001688,1429,427714
Sep 06 2015,0.001638,0.001809,0.001636,0.001716,541,408315
Sep 05 2015,0.001525,0.001730,0.001523,0.001638,202,380194
Sep 04 2015,0.001615,0.001637,0.001454,0.001525,1139,402547
Sep 03 2015,0.001759,0.001819,0.001587,0.001617,1505,438387
Sep 02 2015,0.001810,0.001925,0.001757,0.001758,1060,451262
Sep 01 2015,0.001830,0.001873,0.001760,0.001810,386,456259
Aug 31 2015,0.001796,0.001860,0.001706,0.001831,581,447784
Aug 30 2015,0.001841,0.001841,0.001596,0.001796,241,458810
Aug 29 2015,0.001939,0.001939,0.001736,0.001841,331,483374
Aug 28 2015,0.001795,0.002044,0.001753,0.001940,279,447528
Aug 27 2015,0.001686,0.001895,0.001686,0.001795,342,420337
Aug 26 2015,0.001687,0.001840,0.001672,0.001686,257,420584
Aug 25 2015,0.001751,0.001822,0.001435,0.001688,2861,436471
Aug 24 2015,0.002031,0.002031,0.001736,0.001753,3722,506111
Aug 23 2015,0.002117,0.002201,0.002006,0.002032,145,527691
Aug 22 2015,0.002022,0.002145,0.001984,0.002117,445,504010
Aug 21 2015,0.002045,0.002197,0.001946,0.002022,72,509689
Aug 20 2015,0.001940,0.002074,0.001912,0.002046,362,483444
Aug 19 2015,0.001934,0.002090,0.001915,0.001939,1407,481878
Aug 18 2015,0.002152,0.002263,0.001937,0.001937,1577,536447
Aug 17 2015,0.002110,0.002220,0.002103,0.002152,150,525921
Aug 16 2015,0.002194,0.002238,0.002105,0.002110,1103,546864
Aug 15 2015,0.002337,0.002393,0.002193,0.002194,277,582291
Aug 14 2015,0.002251,0.002337,0.002114,0.002336,744,561011
Aug 13 2015,0.002402,0.002407,0.002234,0.002251,727,598687
Aug 12 2015,0.002490,0.002508,0.002333,0.002403,1392,620469
Aug 11 2015,0.002350,0.002504,0.002349,0.002490,566,585523
Aug 10 2015,0.002371,0.002430,0.002236,0.002349,1201,590910
Aug 09 2015,0.002425,0.002483,0.002270,0.002371,1978,604226
Aug 08 2015,0.002445,0.002596,0.002363,0.002424,2076,609264
Aug 07 2015,0.002385,0.002480,0.002304,0.002443,800,594420
Aug 06 2015,0.002437,0.002510,0.002331,0.002388,502,607368
Aug 05 2015,0.002487,0.002507,0.002404,0.002441,970,619633
Aug 04 2015,0.002591,0.002607,0.002476,0.002487,1133,645662
Aug 03 2015,0.002627,0.002691,0.002507,0.002593,2167,654659
Aug 02 2015,0.002587,0.002731,0.002474,0.002628,1263,644684
Aug 01 2015,0.002885,0.002909,0.002583,0.002590,4389,718766
Jul 31 2015,0.003092,0.003093,0.002811,0.002905,4305,770387
Jul 30 2015,0.003120,0.003208,0.003090,0.003092,873,777402
Jul 29 2015,0.003203,0.003261,0.003043,0.003120,2856,798095
Jul 28 2015,0.003200,0.003297,0.003173,0.003203,4093,797211
Jul 27 2015,0.003114,0.003266,0.003112,0.003202,1632,775750
Jul 26 2015,0.003074,0.003183,0.003039,0.003113,1945,766006
Jul 25 2015,0.003222,0.003331,0.003074,0.003075,5361,802659
Jul 24 2015,0.002929,0.003435,0.002888,0.003222,5247,729757
Jul 23 2015,0.003041,0.003154,0.002938,0.002953,7045,757555
Jul 22 2015,0.003116,0.003153,0.002761,0.003040,7435,776237
Jul 21 2015,0.003325,0.003401,0.003079,0.003114,1794,828330
Jul 20 2015,0.003331,0.003331,0.003156,0.003324,3367,829827
Jul 19 2015,0.003346,0.003573,0.003242,0.003330,14816,833681
Jul 18 2015,0.003561,0.003874,0.003334,0.003346,5151,887192
Jul 17 2015,0.003279,0.003562,0.003087,0.003562,5139,816756
Jul 16 2015,0.004141,0.004141,0.002900,0.003315,28873,1031570
Jul 15 2015,0.004639,0.004670,0.004126,0.004141,7574,1155690
Jul 14 2015,0.004875,0.004875,0.004617,0.004639,4407,1214530
Jul 13 2015,0.005269,0.005303,0.004600,0.004875,9943,1312480
Jul 12 2015,0.004722,0.005315,0.004722,0.005271,14045,1176190
Jul 11 2015,0.004701,0.005310,0.004417,0.004721,7131,1171150
Jul 10 2015,0.004660,0.005575,0.004609,0.004702,34645,1160720
Jul 09 2015,0.004750,0.004807,0.004489,0.004660,11907,1183170
Jul 08 2015,0.004637,0.004773,0.004523,0.004765,11913,1155050
Jul 07 2015,0.004912,0.004954,0.004576,0.004637,15430,1223630
Jul 06 2015,0.004649,0.005145,0.004644,0.004911,19110,1157970
Jul 05 2015,0.004807,0.004978,0.004511,0.004656,10454,1197440
Jul 04 2015,0.004634,0.004924,0.004512,0.004808,4713,1154380
Jul 03 2015,0.004591,0.004741,0.004477,0.004634,7878,1143530
Jul 02 2015,0.004577,0.004833,0.004510,0.004591,6263,1139930
Jul 01 2015,0.004981,0.004981,0.004478,0.004576,6564,1240580
Jun 30 2015,0.004935,0.005301,0.004756,0.004982,21813,1229090
Jun 29 2015,0.004296,0.004951,0.004111,0.004935,23805,1069950
Jun 28 2015,0.004784,0.004784,0.004236,0.004305,3128,1191470
Jun 27 2015,0.004230,0.004783,0.004043,0.004783,12904,1053630
Jun 26 2015,0.004347,0.004367,0.004041,0.004230,6832,1082770
Jun 25 2015,0.003889,0.004376,0.003803,0.004348,7092,968496
Jun 24 2015,0.004348,0.004575,0.003863,0.003889,20650,1082860
Jun 23 2015,0.004936,0.005001,0.004289,0.004333,19988,1229350
Jun 22 2015,0.004809,0.005151,0.004220,0.004937,11509,1197630
Jun 21 2015,0.005237,0.005244,0.004742,0.004808,5897,1304300
Jun 20 2015,0.005066,0.005395,0.003928,0.005216,25022,1261720
Jun 19 2015,0.005214,0.005684,0.004849,0.005045,24959,1298420
Jun 18 2015,0.005133,0.005423,0.004859,0.005214,28210,1278330
Jun 17 2015,0.004066,0.005936,0.004066,0.005132,88235,1012680
Jun 16 2015,0.003623,0.004242,0.003535,0.004067,37246,902219
Jun 15 2015,0.003522,0.003767,0.003402,0.003623,11221,877116
Jun 14 2015,0.003079,0.004343,0.003078,0.003524,29863,766793
Jun 13 2015,0.002634,0.003351,0.002575,0.003079,8735,656000
Jun 12 2015,0.002563,0.002765,0.002501,0.002634,2281,638342
Jun 11 2015,0.002420,0.002708,0.002406,0.002564,7858,602667
Jun 10 2015,0.002427,0.002536,0.002392,0.002419,1485,604388
Jun 09 2015,0.002664,0.002720,0.002341,0.002427,3238,663270
Jun 08 2015,0.002344,0.002664,0.002296,0.002664,4580,583761
Jun 07 2015,0.002460,0.002461,0.002344,0.002344,2346,612544
Jun 06 2015,0.002391,0.002524,0.002301,0.002460,1926,595346
Jun 05 2015,0.002444,0.002488,0.002257,0.002391,2721,608643
Jun 04 2015,0.002500,0.002587,0.002406,0.002444,3910,622604
Jun 03 2015,0.002587,0.002714,0.002223,0.002500,6566,644190
Jun 02 2015,0.001994,0.002830,0.001847,0.002587,13007,496490
Jun 01 2015,0.002531,0.002683,0.001974,0.001999,6016,630121
May 31 2015,0.003001,0.003144,0.002507,0.002530,4468,747279
May 30 2015,0.003136,0.003293,0.002511,0.003001,11523,780903
May 29 2015,0.003389,0.003583,0.003090,0.003137,18176,843781
May 28 2015,0.003695,0.003695,0.003215,0.003384,17171,919968
May 27 2015,0.003661,0.004092,0.003488,0.003651,28652,911427
May 26 2015,0.003549,0.003661,0.003160,0.003661,16491,883504
May 25 2015,0.002396,0.004186,0.002395,0.003297,74983,596413
May 24 2015,0.002018,0.002446,0.001800,0.002395,14423,502431
May 23 2015,0.002133,0.002358,0.001788,0.002062,24365,530971
May 22 2015,0.001681,0.002204,0.001624,0.002175,17468,418438
May 21 2015,0.001579,0.001743,0.001512,0.001683,1792,392995
May 20 2015,0.001488,0.001770,0.001408,0.001578,4851,370522
May 19 2015,0.001219,0.001545,0.001199,0.001472,12520,303560
May 18 2015,0.001208,0.001689,0.001135,0.001219,1024,300773
May 17 2015,0.001244,0.001283,0.001206,0.001209,1227,309679
May 16 2015,0.001311,0.001313,0.001132,0.001235,2673,326486
May 15 2015,0.001279,0.001364,0.001266,0.001311,1638,318387
May 14 2015,0.001279,0.001284,0.001203,0.001279,838,318502
May 13 2015,0.001224,0.001334,0.001217,0.001280,1012,304576
May 12 2015,0.001385,0.001531,0.001217,0.001224,3592,344665
May 11 2015,0.000918,0.001593,0.000796,0.001384,8134,228410
May 10 2015,0.000804,0.000951,0.000792,0.000921,1537,200153
May 09 2015,0.000797,0.000805,0.000761,0.000804,216,198402
May 08 2015,0.000782,0.000805,0.000745,0.000796,615,194624
May 07 2015,0.000756,0.000781,0.000735,0.000781,654,188277
May 06 2015,0.000761,0.000799,0.000722,0.000756,230,189393
May 05 2015,0.000809,0.000827,0.000739,0.000754,293,201471
May 04 2015,0.000774,0.000815,0.000746,0.000811,456,192600
May 03 2015,0.000775,0.000792,0.000740,0.000774,926,192892
May 02 2015,0.000760,0.000776,0.000740,0.000775,476,189076
May 01 2015,0.000751,0.000771,0.000718,0.000760,1024,186988
Apr 30 2015,0.000912,0.000912,0.000590,0.000746,6393,226950
Apr 29 2015,0.000948,0.000951,0.000821,0.000881,183,236065
Apr 28 2015,0.000900,0.000976,0.000834,0.000948,661,224090
Apr 27 2015,0.000826,0.000907,0.000822,0.000900,422,205495
Apr 26 2015,0.000884,0.000891,0.000825,0.000826,404,220005
Apr 25 2015,0.000877,0.000907,0.000873,0.000884,94,218186
Apr 24 2015,0.000932,0.000932,0.000874,0.000876,226,231943
Apr 23 2015,0.000921,0.000938,0.000873,0.000932,812,229224
Apr 22 2015,0.000873,0.000942,0.000850,0.000921,774,217304
Apr 21 2015,0.000877,0.000919,0.000818,0.000872,2288,218370
Apr 20 2015,0.000914,0.000951,0.000878,0.000878,496,227476
Apr 19 2015,0.000906,0.000943,0.000851,0.000934,584,225518
Apr 18 2015,0.000880,0.000999,0.000855,0.000864,1489,219007
Apr 17 2015,0.000951,0.000951,0.000877,0.000881,2031,236572
Apr 16 2015,0.000946,0.001014,0.000908,0.000951,843,235450
Apr 15 2015,0.000974,0.000984,0.000893,0.000946,913,242468
Apr 14 2015,0.000976,0.001015,0.000895,0.000974,1433,242787
Apr 13 2015,0.001040,0.001049,0.000971,0.000976,127,258807
Apr 12 2015,0.001006,0.001089,0.001006,0.001040,272,250286
Apr 11 2015,0.000984,0.001073,0.000977,0.001006,521,244929
Apr 10 2015,0.001052,0.001065,0.000979,0.000984,598,261813
Apr 09 2015,0.001022,0.001086,0.001018,0.001052,648,254325
Apr 08 2015,0.001065,0.001111,0.001015,0.001035,1330,265111
Apr 07 2015,0.001243,0.001243,0.000890,0.001066,3977,309254
Apr 06 2015,0.001289,0.001339,0.001245,0.001245,326,320793
Apr 05 2015,0.001407,0.001407,0.001282,0.001289,400,350129
Apr 04 2015,0.001294,0.001481,0.001271,0.001408,206,321872
Apr 03 2015,0.001296,0.001360,0.001290,0.001294,1407,322391
Apr 02 2015,0.001298,0.001359,0.001233,0.001296,767,323019
Apr 01 2015,0.001257,0.001328,0.001227,0.001298,2994,312702
Mar 31 2015,0.001394,0.001463,0.001247,0.001255,5935,346776
Mar 30 2015,0.001437,0.001481,0.001360,0.001409,5861,357612
Mar 29 2015,0.001562,0.001562,0.001399,0.001437,3708,388533
Mar 28 2015,0.001485,0.001564,0.001454,0.001562,1164,369466
Mar 27 2015,0.001570,0.001570,0.001439,0.001490,13695,390710
Mar 26 2015,0.001580,0.001784,0.001508,0.001570,11638,392987
Mar 25 2015,0.001646,0.001695,0.001454,0.001580,10881,409434
Mar 24 2015,0.001916,0.002064,0.001525,0.001646,27450,476764
Mar 23 2015,0.001298,0.002064,0.001233,0.001916,75865,322877
Mar 22 2015,0.001310,0.001458,0.001143,0.001297,19049,325965
Mar 21 2015,0.001450,0.001610,0.001302,0.001457,5487,360751
Mar 20 2015,0.001461,0.001611,0.001305,0.001454,8025,363558
Mar 19 2015,0.001571,0.001744,0.001437,0.001469,11780,390745
Mar 18 2015,0.001747,0.001747,0.001419,0.001571,7179,434619
Mar 17 2015,0.001910,0.001914,0.001615,0.001747,9483,475204
Mar 16 2015,0.001779,0.002052,0.001760,0.001764,10227,442420
Mar 15 2015,0.001916,0.001916,0.001608,0.001777,7541,476670
Mar 14 2015,0.001828,0.001908,0.001715,0.001769,10977,454717
Mar 13 2015,0.001880,0.002034,0.001720,0.001831,4067,467688
Mar 12 2015,0.002144,0.002150,0.001784,0.001880,8475,533194
Mar 11 2015,0.002059,0.002191,0.001899,0.002144,4874,512074
Mar 10 2015,0.002231,0.002393,0.002014,0.002059,6351,554957
Mar 09 2015,0.002085,0.002447,0.002085,0.002231,4430,518730
Mar 08 2015,0.002094,0.002252,0.002085,0.002085,2838,520797
Mar 07 2015,0.002301,0.002319,0.002085,0.002094,1553,572297
Mar 06 2015,0.002405,0.002456,0.002242,0.002300,1031,598070
Mar 05 2015,0.002137,0.002409,0.002088,0.002404,3587,531416
Mar 04 2015,0.002144,0.002278,0.002079,0.002137,828,533275
Mar 03 2015,0.002240,0.002249,0.002088,0.002157,1361,557207
Mar 02 2015,0.002309,0.002315,0.002081,0.002241,702,574177
Mar 01 2015,0.002241,0.002327,0.002226,0.002316,443,557449
Feb 28 2015,0.002236,0.002543,0.002099,0.002241,2307,556044
Feb 27 2015,0.002228,0.002397,0.002085,0.002388,3468,554189
Feb 26 2015,0.002098,0.002261,0.002094,0.002228,5121,521799
Feb 25 2015,0.002112,0.002248,0.002090,0.002098,2125,525292
Feb 24 2015,0.002257,0.002441,0.002111,0.002112,838,561382
Feb 23 2015,0.002394,0.002460,0.002153,0.002256,656,595278
Feb 22 2015,0.002324,0.002407,0.002244,0.002394,395,577884
Feb 21 2015,0.002426,0.002516,0.002293,0.002323,79,603306
Feb 20 2015,0.002473,0.002478,0.002251,0.002427,1646,614917
Feb 19 2015,0.002251,0.002480,0.002139,0.002475,2241,559875
Feb 18 2015,0.002411,0.002446,0.001978,0.002251,6783,599539
Feb 17 2015,0.002486,0.002526,0.002286,0.002411,11802,618197
Feb 16 2015,0.002437,0.002516,0.002298,0.002487,2767,605918
Feb 15 2015,0.002954,0.002975,0.002428,0.002436,2675,734536
Feb 14 2015,0.002910,0.002975,0.002667,0.002954,3382,723563
Feb 13 2015,0.002784,0.002970,0.002662,0.002910,4473,692161
Feb 12 2015,0.002606,0.002882,0.002606,0.002782,285,647875
Feb 11 2015,0.002751,0.002874,0.002505,0.002605,3651,684014
Feb 10 2015,0.002741,0.002909,0.002611,0.002752,3553,681578
Feb 09 2015,0.002901,0.002974,0.002419,0.002742,14970,721443
Feb 08 2015,0.002897,0.003065,0.002738,0.002901,1072,720370
Feb 07 2015,0.002875,0.003068,0.002866,0.002897,5944,714868
Feb 06 2015,0.003365,0.003365,0.002932,0.002950,3274,836706
Feb 05 2015,0.003530,0.003531,0.002592,0.003363,7618,877727
Feb 04 2015,0.003680,0.003691,0.003229,0.003531,14125,914947
Feb 03 2015,0.003897,0.004086,0.003503,0.003679,4212,968931
Feb 02 2015,0.003756,0.003960,0.003633,0.003907,254,933936
Feb 01 2015,0.003468,0.003814,0.003414,0.003755,650,862216
Jan 31 2015,0.003828,0.003845,0.003424,0.003474,1545,951712
Jan 30 2015,0.003859,0.004019,0.003695,0.003828,1804,959423
Jan 29 2015,0.004031,0.004047,0.003645,0.003861,1720,1002020
Jan 28 2015,0.004367,0.004404,0.003928,0.004035,590,1085610
Jan 27 2015,0.004548,0.004572,0.004256,0.004368,2443,1130610
Jan 26 2015,0.004540,0.005522,0.004483,0.004551,8537,1128560
Jan 25 2015,0.004341,0.004604,0.003819,0.004567,2795,1079290
Jan 24 2015,0.004151,0.004339,0.003923,0.004339,5335,1031820
Jan 23 2015,0.004313,0.004489,0.003915,0.004153,2388,1072270
Jan 22 2015,0.004190,0.004433,0.004102,0.004313,4258,1041690
Jan 21 2015,0.004048,0.004349,0.003909,0.004187,988,1006220
Jan 20 2015,0.004054,0.004171,0.003870,0.004048,1196,1007870
Jan 19 2015,0.004163,0.004310,0.003764,0.004063,1090,1034750
Jan 18 2015,0.004161,0.004395,0.004037,0.004158,480,1034300
Jan 17 2015,0.004282,0.004285,0.003865,0.004154,1832,1064380
Jan 16 2015,0.004039,0.004359,0.003980,0.004286,746,1004060
Jan 15 2015,0.003794,0.004524,0.003643,0.004041,4246,943106
Jan 14 2015,0.004164,0.004375,0.003491,0.003801,7903,1034940
Jan 13 2015,0.004574,0.004580,0.004046,0.004300,4289,1137030
Jan 12 2015,0.004598,0.004686,0.004411,0.004578,3517,1142780
Jan 11 2015,0.004799,0.004836,0.004457,0.004595,1932,1192790
Jan 10 2015,0.004519,0.005155,0.004358,0.004799,14651,1123310
Jan 09 2015,0.004517,0.004677,0.004203,0.004519,5791,1122820
Jan 08 2015,0.004522,0.004834,0.004515,0.004518,3179,1123850
Jan 07 2015,0.004674,0.004820,0.004519,0.004522,5110,1161650
Jan 06 2015,0.004523,0.004699,0.004358,0.004673,6773,1124230
Jan 05 2015,0.004322,0.004752,0.004268,0.004523,4488,1074100
Jan 04 2015,0.004848,0.005124,0.004059,0.004320,9414,1204910
Jan 03 2015,0.005501,0.005756,0.004848,0.004848,5715,1367090
Jan 02 2015,0.005498,0.005659,0.005018,0.005523,5856,1366440
Jan 01 2015,0.005680,0.005718,0.005330,0.005498,3510,1411660
Dec 31 2014,0.005643,0.005801,0.005337,0.005679,3599,1402420
Dec 30 2014,0.004987,0.006411,0.004531,0.005643,51093,1239300
Dec 29 2014,0.004996,0.005000,0.004539,0.004980,3783,1241660
Dec 28 2014,0.005172,0.005177,0.004568,0.004995,5134,1285240
Dec 27 2014,0.005579,0.005579,0.004857,0.005172,4910,1386560
Dec 26 2014,0.005417,0.005584,0.005000,0.005580,5166,1346290
Dec 25 2014,0.005597,0.006484,0.005196,0.005417,10055,1390950
Dec 24 2014,0.004973,0.007287,0.004646,0.005598,36213,1235880
Dec 23 2014,0.004627,0.005104,0.004354,0.004973,4193,1149900
Dec 22 2014,0.004595,0.004638,0.004224,0.004627,3004,1141840
Dec 21 2014,0.004405,0.004811,0.004220,0.004594,1468,1094660
Dec 20 2014,0.004622,0.005230,0.004031,0.004406,6945,1148570
Dec 19 2014,0.003750,0.004633,0.003717,0.004623,5965,931952
Dec 18 2014,0.004126,0.004157,0.003705,0.003751,3800,1025290
Dec 17 2014,0.004191,0.004413,0.003525,0.004126,5262,1041380
Dec 16 2014,0.004341,0.004674,0.004053,0.004192,3970,1078680
Dec 15 2014,0.004540,0.004594,0.004307,0.004339,848,1128040
Dec 14 2014,0.004347,0.004594,0.004338,0.004541,448,1080090
Dec 13 2014,0.004415,0.004547,0.004349,0.004359,1040,1097100
Dec 11 2014,0.004512,0.004658,0.004344,0.004636,1416,1121050
Dec 10 2014,0.004326,0.004603,0.004207,0.004490,935,1074930
Dec 09 2014,0.004496,0.004522,0.004295,0.004326,2426,1117090
Dec 08 2014,0.004624,0.004643,0.004463,0.004496,279,1148970
Dec 07 2014,0.004631,0.004819,0.004609,0.004625,390,1150680
Dec 06 2014,0.004773,0.004807,0.004594,0.004631,2215,1185960
Dec 05 2014,0.004665,0.004967,0.004563,0.004774,3352,1159060
Dec 04 2014,0.004721,0.004874,0.004659,0.004666,2192,1172870
Dec 03 2014,0.004866,0.004897,0.004717,0.004720,1420,1208810
Dec 02 2014,0.004980,0.005033,0.004811,0.004864,488,1237230
Dec 01 2014,0.004886,0.005197,0.004829,0.004996,2054,1213880
Nov 30 2014,0.004852,0.005329,0.004572,0.004886,2990,1205290
Nov 29 2014,0.004838,0.005145,0.004584,0.004852,2792,1202010
Nov 28 2014,0.005022,0.005045,0.004596,0.004840,4268,1247590
Nov 27 2014,0.004685,0.005060,0.004453,0.005022,3062,1163810
Nov 26 2014,0.004671,0.005008,0.004548,0.004681,4737,1160380
Nov 25 2014,0.004886,0.005033,0.004556,0.004740,1765,1213850
Nov 24 2014,0.004890,0.004993,0.004499,0.004887,3039,1214740
Nov 23 2014,0.004575,0.004912,0.004321,0.004891,2857,1136500
Nov 22 2014,0.004856,0.005140,0.004570,0.004597,1646,1206300
Nov 21 2014,0.004996,0.005031,0.004640,0.004855,1724,1241080
Nov 20 2014,0.005378,0.005389,0.004898,0.004996,2555,1335850
Nov 19 2014,0.005178,0.005489,0.005156,0.005379,1637,1286120
Nov 18 2014,0.005078,0.005470,0.004931,0.005191,4148,1261270
Nov 17 2014,0.005455,0.005631,0.005051,0.005077,1143,1354980
Nov 16 2014,0.005168,0.005530,0.005037,0.005449,897,1283730
Nov 15 2014,0.005633,0.005796,0.004886,0.005172,1514,1399120
Nov 14 2014,0.005700,0.005742,0.005174,0.005618,1388,1415780
Nov 13 2014,0.005524,0.006845,0.005431,0.005704,11758,1372100
Nov 12 2014,0.004988,0.005827,0.004978,0.005514,11509,1238870
Nov 11 2014,0.005062,0.005326,0.004864,0.004986,771,1257230
Nov 10 2014,0.005238,0.005321,0.005030,0.005064,2406,1300960
Nov 09 2014,0.004883,0.005306,0.004796,0.005248,927,1212800
Nov 08 2014,0.005075,0.005230,0.004848,0.004884,745,1260490
Nov 07 2014,0.005229,0.005489,0.004921,0.005078,968,1298750
Nov 06 2014,0.005378,0.005389,0.004804,0.005227,1985,1335750
Nov 05 2014,0.005139,0.005546,0.005034,0.005378,2579,1276210
Nov 04 2014,0.005381,0.005394,0.004363,0.005138,3992,1336420
Nov 03 2014,0.005397,0.005584,0.005272,0.005385,1184,1340450
Nov 02 2014,0.005968,0.006063,0.004700,0.005408,9248,1482260
Nov 01 2014,0.006239,0.006262,0.004366,0.005966,4984,1549400
Oct 31 2014,0.005721,0.006277,0.005721,0.006236,1266,1420820
Oct 30 2014,0.005652,0.005813,0.005535,0.005723,1125,1403610
Oct 29 2014,0.006176,0.006288,0.005612,0.005628,3848,1533850
Oct 28 2014,0.006056,0.006387,0.005002,0.006178,8012,1504000
Oct 27 2014,0.005501,0.006174,0.002487,0.006056,18554,1365990
Oct 26 2014,0.005791,0.005916,0.005337,0.005503,2870,1438100
Oct 25 2014,0.005477,0.005886,0.004998,0.005790,2443,1360040
Oct 24 2014,0.005561,0.005740,0.005266,0.005474,1066,1380880
Oct 23 2014,0.006171,0.006171,0.005291,0.005541,4528,1532290
Oct 22 2014,0.006099,0.006385,0.005775,0.006171,5588,1514560
Oct 21 2014,0.006087,0.006287,0.006018,0.006101,1392,1511500
Oct 20 2014,0.006277,0.006288,0.005935,0.006089,1082,1558660
Oct 19 2014,0.006368,0.006614,0.005802,0.006281,1985,1581350
Oct 18 2014,0.006844,0.006848,0.006064,0.006369,3560,1699350
Oct 17 2014,0.006626,0.006850,0.006511,0.006844,3895,1645340
Oct 16 2014,0.006542,0.006891,0.006486,0.006625,2136,1624340
Oct 15 2014,0.006961,0.007016,0.006540,0.006543,7290,1728440
Oct 14 2014,0.006699,0.007292,0.006675,0.006961,4969,1663360
Oct 13 2014,0.006702,0.007099,0.006525,0.006697,5111,1664100
Oct 12 2014,0.006820,0.006869,0.006529,0.006704,4110,1693330
Oct 11 2014,0.006805,0.006889,0.006415,0.006818,8320,1689530
Oct 10 2014,0.007074,0.007358,0.006621,0.006707,4409,1756250
Oct 09 2014,0.006609,0.007575,0.006609,0.007073,8082,1640820
Oct 08 2014,0.007056,0.007056,0.006326,0.006611,6555,1751820
Oct 07 2014,0.007021,0.007437,0.006640,0.006922,4194,1743180
Oct 06 2014,0.006516,0.007439,0.006443,0.007019,3201,1617650
Oct 05 2014,0.006685,0.007391,0.006156,0.006517,4314,1659710
Oct 04 2014,0.007670,0.007772,0.006685,0.006685,2851,1904100
Oct 03 2014,0.008037,0.008520,0.007573,0.007665,3796,1995350
Oct 02 2014,0.008460,0.008474,0.007931,0.008036,4230,2100210
Oct 01 2014,0.008651,0.009331,0.008357,0.008367,24348,2147760
Sep 30 2014,0.008578,0.008749,0.008221,0.008643,1981,2129590
Sep 29 2014,0.008200,0.009292,0.008132,0.008578,15526,2035770
Sep 28 2014,0.008176,0.008846,0.008109,0.008202,4697,2029640
Sep 27 2014,0.008653,0.009111,0.008175,0.008176,5230,2148160
Sep 26 2014,0.008485,0.009506,0.008203,0.008655,14475,2106280
Sep 25 2014,0.008858,0.009483,0.008386,0.008486,5428,2198860
Sep 24 2014,0.009105,0.009409,0.008816,0.008857,3966,2260150
Sep 23 2014,0.009122,0.009507,0.008632,0.009105,6877,2264270
Sep 22 2014,0.009018,0.009266,0.008710,0.009122,1836,2238590
Sep 21 2014,0.009450,0.009568,0.008619,0.009017,3815,2345630
Sep 20 2014,0.008378,0.009639,0.008123,0.009299,8780,2079610
Sep 19 2014,0.009651,0.009651,0.008165,0.008380,9133,2395620
Sep 18 2014,0.008784,0.010305,0.008481,0.009653,15548,2180340
Sep 17 2014,0.010340,0.010588,0.008140,0.008783,13335,2566490
Sep 16 2014,0.010410,0.011224,0.009844,0.010343,18151,2583860
Sep 15 2014,0.010630,0.011660,0.009366,0.010413,26035,2638460
Sep 14 2014,0.011738,0.012666,0.009444,0.010631,27143,2913470
Sep 13 2014,0.010000,0.014154,0.008887,0.011737,106695,2482110
Sep 12 2014,0.008062,0.010274,0.007606,0.009455,37227,2000940
Sep 11 2014,0.007635,0.008065,0.007191,0.008064,8219,1894990
Sep 10 2014,0.006682,0.008479,0.006531,0.007631,22391,1658370
Sep 09 2014,0.006804,0.006865,0.006418,0.006684,2007,1688660
Sep 08 2014,0.006527,0.006777,0.006484,0.006619,3081,1619970
Sep 07 2014,0.006639,0.007059,0.006493,0.006529,2066,1647800
Sep 06 2014,0.006578,0.007214,0.006168,0.006639,4773,1632430
Sep 05 2014,0.006544,0.006812,0.006444,0.006577,1772,1624160
Sep 04 2014,0.006639,0.007054,0.006430,0.006545,1052,1647670
Sep 03 2014,0.006705,0.007697,0.006545,0.007033,2078,1664070
Sep 02 2014,0.006574,0.006799,0.006328,0.006705,208,1631360
Sep 01 2014,0.006809,0.006939,0.006314,0.006575,1864,1689760
Aug 31 2014,0.007232,0.007365,0.006672,0.006809,1638,1794620
Aug 30 2014,0.006714,0.007253,0.006693,0.007247,1628,1666050
Aug 29 2014,0.006994,0.007334,0.006713,0.006713,3256,1735610
Aug 28 2014,0.006723,0.007842,0.006322,0.006989,3209,1668360
Aug 27 2014,0.007228,0.007750,0.006558,0.006716,3091,1793640
Aug 26 2014,0.006594,0.007369,0.005975,0.007213,3696,1636350
Aug 25 2014,0.006691,0.006871,0.005872,0.006706,3954,1660390
Aug 24 2014,0.006128,0.006695,0.005986,0.006695,831,1520500
Aug 23 2014,0.006344,0.006395,0.006005,0.006126,385,1574100
Aug 22 2014,0.007105,0.007185,0.006186,0.006196,2707,1762950
Aug 21 2014,0.006630,0.007377,0.006473,0.007177,3704,1645200
Aug 20 2014,0.006259,0.006956,0.006228,0.006319,3728,1553080
Aug 19 2014,0.006572,0.006762,0.006096,0.006260,2218,1630620
Aug 18 2014,0.006477,0.007711,0.006349,0.006571,7443,1607000
Aug 17 2014,0.006847,0.006986,0.006316,0.006480,1274,1698810
Aug 16 2014,0.006862,0.007044,0.006241,0.006851,1608,1702610
Aug 15 2014,0.007046,0.007132,0.006570,0.006855,1569,1748130
Aug 14 2014,0.007655,0.007655,0.006904,0.006985,6002,1899260
Aug 13 2014,0.008042,0.008155,0.007285,0.007705,3210,1995280
Aug 12 2014,0.008113,0.008262,0.007205,0.008044,4422,2012960
Aug 11 2014,0.008476,0.008692,0.008045,0.008112,5041,2102980
Aug 10 2014,0.008797,0.009090,0.008433,0.008475,12618,2182600
Aug 09 2014,0.008639,0.009286,0.008211,0.008799,5697,2143410
Aug 08 2014,0.009536,0.010176,0.008307,0.008639,7103,2365720
Aug 07 2014,0.009613,0.009950,0.009251,0.009535,3284,2384900
Aug 06 2014,0.010000,0.010648,0.009094,0.009626,5626,2480760
Aug 05 2014,0.010341,0.010855,0.009827,0.009992,5411,2565400
Aug 04 2014,0.010974,0.011525,0.010157,0.010337,3711,2722480
Aug 03 2014,0.011699,0.011759,0.010872,0.010979,9457,2902400
Aug 02 2014,0.011760,0.011981,0.011389,0.011704,1889,2917370
Aug 01 2014,0.012036,0.012102,0.011642,0.011775,5464,2985780
Jul 31 2014,0.012353,0.012744,0.011249,0.012037,22590,3064510
Jul 30 2014,0.013024,0.014500,0.012059,0.012350,13519,3230700
Jul 29 2014,0.012113,0.013023,0.011900,0.013023,10225,3004870
Jul 28 2014,0.012548,0.012557,0.011877,0.012114,11838,3112720
Jul 27 2014,0.012542,0.012976,0.012381,0.012545,2351,3111190
Jul 26 2014,0.012378,0.012616,0.012217,0.012544,8122,3070320
Jul 25 2014,0.012560,0.012915,0.012232,0.012384,5598,3115560
Jul 24 2014,0.012616,0.012833,0.012394,0.012557,5149,3129460
Jul 23 2014,0.012695,0.012699,0.012169,0.012613,2834,3148890
Jul 22 2014,0.013543,0.013543,0.012640,0.012696,6120,3359240
Jul 21 2014,0.012662,0.013621,0.012286,0.013545,10966,3140760
Jul 20 2014,0.012590,0.013279,0.012584,0.012662,7916,3122880
Jul 19 2014,0.012989,0.014613,0.012374,0.012589,13784,3221790
Jul 18 2014,0.012018,0.013059,0.011732,0.012986,8515,2980760
Jul 17 2014,0.012566,0.012824,0.011544,0.012025,5622,3116670
Jul 16 2014,0.012791,0.013050,0.012404,0.012568,4910,3172540
Jul 15 2014,0.012765,0.013172,0.012606,0.012790,2627,3165980
Jul 14 2014,0.012549,0.013249,0.012353,0.012760,7478,3112420
Jul 13 2014,0.012319,0.012906,0.012146,0.012557,1988,3055360
Jul 12 2014,0.012277,0.012873,0.012040,0.012498,1422,3044960
Jul 11 2014,0.011873,0.012548,0.011538,0.012279,5900,2944550
Jul 10 2014,0.013642,0.013662,0.011636,0.011861,16074,3383420
Jul 09 2014,0.012896,0.013890,0.012686,0.013638,4662,3198370
Jul 08 2014,0.012582,0.013331,0.012582,0.012880,5570,3120430
Jul 07 2014,0.013630,0.013806,0.012422,0.012487,187,3380300
Jul 06 2014,0.014034,0.014208,0.013538,0.013633,2328,3480470
Jul 05 2014,0.014332,0.014805,0.013947,0.014110,3418,3554210
Jul 04 2014,0.014630,0.015651,0.013817,0.014558,4869,3628160
Jul 03 2014,0.015221,0.016058,0.014212,0.014336,5605,3774610
Jul 02 2014,0.015878,0.016812,0.014787,0.015491,4268,3937540
Jul 01 2014,0.014613,0.018772,0.014546,0.015686,9089,3623700
Jun 30 2014,0.014301,0.015217,0.013663,0.014751,6962,3546230
Jun 29 2014,0.013710,0.014376,0.013493,0.014370,1178,3399660
Jun 28 2014,0.014152,0.014556,0.013594,0.013737,1835,3509360
Jun 27 2014,0.013054,0.014241,0.012998,0.013313,3564,3236870
Jun 26 2014,0.012875,0.013365,0.012651,0.013211,6908,3192640
Jun 25 2014,0.013584,0.013662,0.012827,0.013110,6669,3368360
Jun 24 2014,0.013766,0.013880,0.013531,0.013592,3152,3413370
Jun 23 2014,0.013633,0.014630,0.013265,0.013766,2791,3380280
Jun 22 2014,0.014114,0.014208,0.013184,0.013681,4011,3499630
Jun 21 2014,0.013720,0.014859,0.013424,0.014107,5934,3401950
Jun 20 2014,0.015142,0.015282,0.012815,0.013727,11712,3754420
Jun 19 2014,0.014632,0.015407,0.014619,0.015059,3667,3628070
Jun 18 2014,0.015502,0.015627,0.014295,0.014632,4918,3843690
Jun 17 2014,0.016367,0.016941,0.015041,0.015383,13121,4058010
Jun 16 2014,0.017262,0.017354,0.015842,0.016377,8012,4279960
Jun 15 2014,0.016273,0.017371,0.015934,0.017069,5203,4034680
Jun 14 2014,0.015992,0.016620,0.015801,0.016290,7379,3964890
Jun 13 2014,0.016101,0.016751,0.015408,0.015986,3419,3991820
Jun 12 2014,0.017216,0.017881,0.015910,0.016110,9318,4268330
Jun 11 2014,0.018380,0.018743,0.017058,0.017211,5596,4556860
Jun 10 2014,0.016733,0.018543,0.015986,0.018380,7881,4148490
Jun 09 2014,0.017758,0.018438,0.016021,0.016715,8192,4402550
Jun 08 2014,0.015966,0.017768,0.015962,0.017766,15044,3958090
Jun 07 2014,0.015842,0.016208,0.015778,0.016135,2088,3927450
Jun 06 2014,0.016066,0.016663,0.015614,0.015844,16731,3982960
Jun 05 2014,0.016125,0.016776,0.015140,0.016310,9734,3997420
Jun 04 2014,0.016430,0.016494,0.015720,0.016132,15110,4072960
Jun 03 2014,0.016374,0.016953,0.016022,0.016439,12906,4059050
Jun 02 2014,0.016228,0.017254,0.015598,0.016375,18197,4022990
Jun 01 2014,0.016044,0.017389,0.015781,0.016048,10587,3977180
May 31 2014,0.016481,0.016638,0.015827,0.016044,12515,4085480
May 30 2014,0.016036,0.016865,0.016036,0.016476,8487,3975050
May 29 2014,0.016883,0.017099,0.015736,0.016036,10297,4184990
May 28 2014,0.016835,0.017909,0.016184,0.016691,14771,4173190
May 27 2014,0.016072,0.017786,0.015597,0.017149,12006,3984030
May 26 2014,0.017715,0.017978,0.015820,0.016084,18319,4391100
May 25 2014,0.017481,0.018460,0.016515,0.017436,15357,4333040
May 24 2014,0.017163,0.017982,0.017136,0.017478,4654,4254240
May 23 2014,0.017471,0.018443,0.016788,0.017149,14759,4330410
May 22 2014,0.017264,0.018245,0.017031,0.017458,33130,4279050
May 21 2014,0.017469,0.018438,0.017165,0.017255,4239,4329940
May 20 2014,0.016471,0.017602,0.016358,0.017381,9763,4082570
May 19 2014,0.016751,0.016874,0.015568,0.016470,7866,4151920
May 18 2014,0.016870,0.017288,0.016210,0.016756,5959,4181270
May 17 2014,0.017092,0.017524,0.016280,0.016879,7732,4236290
May 16 2014,0.016933,0.017701,0.016651,0.017091,6764,4196790
May 15 2014,0.017691,0.017812,0.016753,0.017282,5899,4384600
May 14 2014,0.017310,0.017927,0.016886,0.017688,17067,4290170
May 13 2014,0.017935,0.018196,0.017307,0.017312,5443,4444120
May 12 2014,0.016786,0.018220,0.016640,0.017931,9092,4159470
May 11 2014,0.017926,0.018799,0.016736,0.016799,8840,4442060
May 10 2014,0.019021,0.019430,0.017719,0.017929,14502,4713290
May 09 2014,0.018483,0.019515,0.017798,0.018990,20772,4580100
May 08 2014,0.019329,0.019388,0.017582,0.018483,11547,4789610
May 07 2014,0.017568,0.019388,0.017411,0.019333,10077,4353270
May 06 2014,0.017459,0.018153,0.016318,0.017561,9370,4326160
May 05 2014,0.017158,0.017674,0.016111,0.017462,6847,4251730
May 04 2014,0.017029,0.017334,0.016326,0.017199,5241,4219710
May 03 2014,0.017809,0.018142,0.015999,0.017010,9339,4413070
May 02 2014,0.018429,0.018617,0.016430,0.017809,13158,4566700
May 01 2014,0.018660,0.019421,0.017650,0.018434,8617,4623840
Apr 30 2014,0.020285,0.020926,0.017037,0.018660,23154,5026530
Apr 29 2014,0.017232,0.020299,0.017232,0.020293,22844,4269920
Apr 28 2014,0.016907,0.017749,0.016482,0.017237,6023,4189470
Apr 27 2014,0.018761,0.018910,0.017198,0.017415,12687,4648800
Apr 26 2014,0.018673,0.019360,0.016904,0.018786,11803,4626890
Apr 25 2014,0.024274,0.024347,0.017439,0.017832,28430,6014630
Apr 24 2014,0.023945,0.024362,0.022758,0.024287,9946,5933030
Apr 23 2014,0.023704,0.025375,0.023186,0.023829,19176,5873300
Apr 22 2014,0.025137,0.025144,0.023410,0.023694,11703,6228240
Apr 21 2014,0.023957,0.025369,0.023869,0.025136,8501,5935870
Apr 20 2014,0.025937,0.027430,0.023885,0.023966,26344,6426450
Apr 19 2014,0.022905,0.027344,0.021920,0.025965,31123,5675050
Apr 18 2014,0.026388,0.026388,0.022195,0.023031,32151,6538090
Apr 17 2014,0.032588,0.034311,0.022678,0.026393,47559,8074080
Apr 16 2014,0.028374,0.040399,0.028081,0.034446,158273,7029950
Apr 15 2014,0.020109,0.028120,0.019835,0.027597,93010,4982120
Apr 14 2014,0.017135,0.020616,0.015940,0.020113,34124,4245180
Apr 13 2014,0.018534,0.019247,0.016374,0.017101,13625,4591820
Apr 12 2014,0.019145,0.019943,0.018519,0.018524,17392,4743140
Apr 11 2014,0.014642,0.019559,0.014458,0.019469,25677,3627570
Apr 10 2014,0.017832,0.018619,0.014702,0.014882,13793,4417790
Apr 09 2014,0.018587,0.019652,0.017844,0.017848,14380,4604610
Apr 08 2014,0.019151,0.020235,0.018412,0.018583,13561,4744470
Apr 07 2014,0.019475,0.019894,0.018750,0.019216,17906,4824530
Apr 06 2014,0.018680,0.020191,0.018224,0.019442,17512,4627600
Apr 05 2014,0.015386,0.018668,0.015386,0.018643,14420,3811440
Apr 04 2014,0.015298,0.016984,0.014643,0.015403,34289,3789670
Apr 03 2014,0.016179,0.017048,0.014010,0.015279,26932,4007960
Apr 02 2014,0.020421,0.021002,0.015758,0.016198,34158,5058550
Apr 01 2014,0.019698,0.021065,0.019349,0.020409,13063,4879490
Mar 31 2014,0.021797,0.022532,0.018764,0.019697,25745,5399420
Mar 30 2014,0.022261,0.023100,0.020680,0.021742,10860,5514220
Mar 29 2014,0.021922,0.025143,0.021097,0.022225,23806,5430160
Mar 28 2014,0.019844,0.022741,0.018542,0.021713,44038,4915250
Mar 27 2014,0.028732,0.028741,0.019940,0.019940,50652,7116840
Mar 26 2014,0.029088,0.029240,0.027963,0.028734,27618,7204840
Mar 25 2014,0.035431,0.035431,0.027818,0.029103,24641,8775960
Mar 24 2014,0.031958,0.035628,0.028316,0.035343,29947,7915710
Mar 23 2014,0.029295,0.033782,0.027954,0.031039,21474,7255900
Mar 22 2014,0.028027,0.030231,0.027969,0.029278,22059,6941700
Mar 21 2014,0.029066,0.031017,0.027055,0.028030,41798,7199060
Mar 20 2014,0.031631,0.032246,0.029016,0.029081,28881,7834260
Mar 19 2014,0.034048,0.035494,0.030241,0.031476,54172,8432720
Mar 18 2014,0.029644,0.036152,0.029223,0.034068,69922,7341950
Mar 17 2014,0.030757,0.031911,0.029340,0.029657,55580,7617620
Mar 16 2014,0.034131,0.034311,0.030593,0.030763,61745,8453100
Mar 15 2014,0.037702,0.037751,0.033515,0.034115,63739,9337470
Mar 14 2014,0.038851,0.039626,0.037612,0.037681,27045,9621770
Mar 13 2014,0.038641,0.040020,0.038454,0.038851,22520,9569770
Mar 12 2014,0.040088,0.041650,0.037844,0.038410,47231,9927930
Mar 11 2014,0.041122,0.044858,0.038388,0.040187,36686,10183900
Mar 10 2014,0.043823,0.043888,0.039499,0.041113,45458,10852600
Mar 09 2014,0.038215,0.045040,0.037481,0.043840,47089,9463820
Mar 08 2014,0.041192,0.041439,0.037028,0.038134,63320,10200800
Mar 07 2014,0.044114,0.044997,0.040057,0.040701,78153,10924400
Mar 06 2014,0.047744,0.047970,0.043297,0.044159,75063,11823200
Mar 05 2014,0.047236,0.048735,0.043616,0.047816,36650,11697100
Mar 04 2014,0.052018,0.052018,0.044479,0.047646,321579,12881200
Mar 03 2014,0.039120,0.054500,0.029940,0.051277,498484,9687140
Mar 02 2014,0.046509,0.047392,0.035943,0.039083,173111,11516700
Mar 01 2014,0.049023,0.050317,0.045607,0.046652,88253,12139100
Feb 28 2014,0.051930,0.052268,0.048467,0.049015,123682,12858800
Feb 27 2014,0.053993,0.055131,0.051104,0.051928,50743,13369600
Feb 26 2014,0.051870,0.056402,0.051618,0.054122,92932,12843700
Feb 25 2014,0.055386,0.056514,0.044952,0.051919,179556,13714100
Feb 24 2014,0.062028,0.062294,0.053641,0.055669,93171,15358500
Feb 23 2014,0.062800,0.066183,0.061379,0.061929,148308,15549500
Feb 22 2014,0.059165,0.063657,0.058163,0.062086,146384,14649100
Feb 21 2014,0.059310,0.060959,0.056016,0.059393,159442,14684600
Feb 20 2014,0.065614,0.066439,0.058493,0.058493,63267,16245100
Feb 19 2014,0.067133,0.067584,0.065100,0.066126,126297,16620700
Feb 18 2014,0.068713,0.069185,0.066076,0.067163,138185,17011500
Feb 17 2014,0.068348,0.070829,0.066803,0.068682,124791,16920600
Feb 16 2014,0.070269,0.072858,0.066797,0.068477,219386,17395900
Feb 15 2014,0.072266,0.072266,0.067768,0.070093,193769,17889700
Feb 14 2014,0.065193,0.073888,0.061029,0.072270,365378,16138300
Feb 13 2014,0.071929,0.072192,0.065315,0.065423,172331,17805600
Feb 12 2014,0.074562,0.075133,0.069695,0.071970,279222,18456800
Feb 11 2014,0.078433,0.079877,0.070216,0.074634,350755,19414500
Feb 10 2014,0.080254,0.082503,0.062035,0.076472,209449,19864700
Feb 09 2014,0.072837,0.081634,0.071669,0.079890,210568,18028500
Feb 08 2014,0.077330,0.080594,0.071057,0.073672,115436,19140200
Feb 07 2014,0.083929,0.085788,0.071699,0.079153,90400,20772900
Feb 06 2014,0.084703,0.088729,0.081759,0.083755,127769,20963900
Feb 05 2014,0.091689,0.097245,0.084107,0.085537,209916,22692500
Feb 04 2014,0.090574,0.098267,0.089676,0.090815,91914,22415900
Feb 03 2014,0.102136,0.104654,0.086371,0.089798,72549,25276900
Feb 02 2014,0.108285,0.113341,0.099180,0.100365,206069,26797400
Feb 01 2014,0.083168,0.108375,0.082875,0.108244,157119,20580600
Jan 31 2014,0.082277,0.083839,0.081895,0.082062,96282,20359200
Jan 30 2014,0.084865,0.084891,0.080082,0.082329,54178,20998700
Jan 29 2014,0.081798,0.086106,0.080151,0.083674,43221,20238700
Jan 28 2014,0.075126,0.082926,0.075066,0.081503,48961,18587100
Jan 27 2014,0.089345,0.091395,0.074136,0.074848,54621,22103800
Jan 26 2014,0.089619,0.093290,0.081835,0.089413,97585,22170700
Jan 25 2014,0.073604,0.089595,0.072479,0.089595,91201,18207900
Jan 24 2014,0.081347,0.081905,0.070766,0.072725,110934,20122200
Jan 23 2014,0.088647,0.089219,0.080769,0.081037,73710,21926900
Jan 22 2014,0.085715,0.092168,0.084834,0.087941,94797,21200800
Jan 21 2014,0.101027,0.106332,0.085295,0.088516,208101,24986800
Jan 20 2014,0.108052,0.122910,0.095738,0.101813,234750,26723000
Jan 19 2014,0.069986,0.122167,0.067058,0.107999,441867,17307800
Jan 18 2014,0.064763,0.070071,0.064398,0.069964,60019,16015500
Jan 17 2014,0.066033,0.069874,0.063268,0.064707,38174,16328800
Jan 16 2014,0.069916,0.071804,0.066123,0.066123,44258,17288000
Jan 15 2014,0.068307,0.071776,0.066337,0.069965,181634,16889500
Jan 14 2014,0.067454,0.070804,0.066942,0.068320,48745,16677600
Jan 13 2014,0.073383,0.073383,0.065536,0.067296,95250,18142200
Jan 12 2014,0.079555,0.081682,0.070051,0.073641,41505,19666200
Jan 11 2014,0.085535,0.085589,0.076595,0.079066,84909,21142600
Jan 10 2014,0.081740,0.085849,0.075687,0.085650,86584,20202400
Jan 09 2014,0.073040,0.090377,0.071435,0.081756,265172,18050500
Jan 08 2014,0.059580,0.076157,0.057722,0.073148,109563,14722800
Jan 07 2014,0.086835,0.090150,0.057911,0.060030,208326,21455600
Jan 06 2014,0.087942,0.110749,0.085316,0.086614,154846,21727100
Jan 05 2014,0.093445,0.099125,0.079936,0.087715,195178,23084400
Jan 04 2014,0.102909,0.102909,0.083553,0.096016,137106,25420000
Jan 03 2014,0.113916,0.113916,0.078088,0.102340,278572,28136200
Jan 02 2014,0.113703,0.118115,0.110816,0.113915,126022,28081000
Jan 01 2014,0.110528,0.115826,0.109003,0.113404,66099,27294200
